round,loss,accuracy,alpha0,method,repetition
1,4.58258,0.285,,afl,1
2,2.28713,0.38,,afl,1
3,1.87377,0.46125,,afl,1
4,2.05945,0.36875,,afl,1
5,1.92655,0.4275,,afl,1
6,2.03555,0.38125,,afl,1
7,2.21783,0.34625,,afl,1
8,2.05967,0.38375,,afl,1
9,1.87761,0.47,,afl,1
10,1.69156,0.54375,,afl,1
11,1.59634,0.58875,,afl,1
12,1.62726,0.57,,afl,1
13,1.64479,0.5625,,afl,1
14,1.59118,0.59125,,afl,1
15,1.6206,0.5625,,afl,1
16,1.51011,0.54,,afl,1
17,1.41832,0.55,,afl,1
18,1.35298,0.555,,afl,1
19,1.3112,0.5525,,afl,1
20,1.34533,0.53125,,afl,1
21,1.303,0.5425,,afl,1
22,1.27804,0.56625,,afl,1
23,1.25015,0.56625,,afl,1
24,1.2265,0.58125,,afl,1
25,1.21025,0.5925,,afl,1
26,1.22857,0.58,,afl,1
27,1.20428,0.58125,,afl,1
28,1.19378,0.5875,,afl,1
29,1.21178,0.5775,,afl,1
30,1.23266,0.5675,,afl,1
31,1.20986,0.58375,,afl,1
32,1.19582,0.5925,,afl,1
33,1.1887,0.59875,,afl,1
34,1.17156,0.6025,,afl,1
35,1.15176,0.60125,,afl,1
36,1.1481,0.61375,,afl,1
37,1.1569,0.605,,afl,1
38,1.14282,0.605,,afl,1
39,1.12682,0.60625,,afl,1
40,1.13727,0.605,,afl,1
41,1.12515,0.60625,,afl,1
42,1.13651,0.6,,afl,1
43,1.12626,0.60625,,afl,1
44,1.11861,0.5975,,afl,1
45,1.11332,0.6,,afl,1
46,1.10937,0.6,,afl,1
47,1.10249,0.61,,afl,1
48,1.09861,0.6075,,afl,1
49,1.09438,0.6175,,afl,1
50,1.09316,0.61625,,afl,1
51,1.09047,0.6175,,afl,1
52,1.09302,0.61625,,afl,1
53,1.09258,0.61625,,afl,1
54,1.09391,0.62,,afl,1
55,1.09165,0.62,,afl,1
56,1.09452,0.62375,,afl,1
57,1.07551,0.61875,,afl,1
58,1.07381,0.62,,afl,1
59,1.05776,0.6175,,afl,1
60,1.05996,0.62,,afl,1
61,1.04536,0.6275,,afl,1
62,1.04798,0.6225,,afl,1
63,1.0462,0.62,,afl,1
64,1.04543,0.62375,,afl,1
65,1.04415,0.62375,,afl,1
66,1.04391,0.62375,,afl,1
67,1.04437,0.62625,,afl,1
68,1.03076,0.625,,afl,1
69,1.03151,0.62875,,afl,1
70,1.03287,0.6225,,afl,1
71,1.03118,0.625,,afl,1
72,1.02916,0.6275,,afl,1
73,1.02761,0.63125,,afl,1
74,1.01606,0.63875,,afl,1
75,1.00637,0.6475,,afl,1
76,1.00663,0.645,,afl,1
77,0.99781,0.65375,,afl,1
78,0.9978,0.6575,,afl,1
79,0.99758,0.65375,,afl,1
80,0.99611,0.65375,,afl,1
81,0.98878,0.66625,,afl,1
82,0.98767,0.6675,,afl,1
83,0.98822,0.67,,afl,1
84,0.98818,0.66375,,afl,1
85,0.982,0.68,,afl,1
86,0.98059,0.6775,,afl,1
87,0.98075,0.6675,,afl,1
88,0.97988,0.67125,,afl,1
89,0.97382,0.6775,,afl,1
90,0.97276,0.675,,afl,1
91,0.96717,0.6825,,afl,1
92,0.96639,0.675,,afl,1
93,0.96559,0.6775,,afl,1
94,0.96539,0.68,,afl,1
95,0.95994,0.685,,afl,1
96,0.95969,0.68375,,afl,1
97,0.95892,0.6875,,afl,1
98,0.95839,0.68375,,afl,1
99,0.95809,0.68625,,afl,1
100,0.95775,0.6825,,afl,1
101,0.95793,0.6775,,afl,1
102,0.9586,0.67875,,afl,1
103,0.95314,0.68375,,afl,1
104,0.95397,0.6875,,afl,1
105,0.95369,0.6825,,afl,1
106,0.9537,0.68375,,afl,1
107,0.95233,0.6825,,afl,1
108,0.95248,0.68125,,afl,1
109,0.95286,0.68125,,afl,1
110,0.9475,0.68375,,afl,1
111,0.94735,0.685,,afl,1
112,0.94789,0.685,,afl,1
113,0.94867,0.6825,,afl,1
114,0.94725,0.6825,,afl,1
115,0.94728,0.68375,,afl,1
116,0.94238,0.69,,afl,1
117,0.94254,0.69125,,afl,1
118,0.94286,0.69,,afl,1
119,0.94188,0.69,,afl,1
120,0.94153,0.6875,,afl,1
121,0.93706,0.69125,,afl,1
122,0.93737,0.69375,,afl,1
123,0.93792,0.69375,,afl,1
124,0.93867,0.69,,afl,1
125,0.93905,0.69,,afl,1
126,0.93472,0.6975,,afl,1
127,0.93391,0.695,,afl,1
128,0.93432,0.69625,,afl,1
129,0.93364,0.69375,,afl,1
130,0.93327,0.6925,,afl,1
131,0.93321,0.6925,,afl,1
132,0.93362,0.6925,,afl,1
133,0.93251,0.69,,afl,1
134,0.92839,0.695,,afl,1
135,0.92883,0.69375,,afl,1
136,0.92815,0.695,,afl,1
137,0.92769,0.695,,afl,1
138,0.92818,0.69375,,afl,1
139,0.92791,0.6975,,afl,1
140,0.92814,0.69625,,afl,1
141,0.92466,0.69875,,afl,1
142,0.92149,0.7,,afl,1
143,0.92054,0.69875,,afl,1
144,0.92078,0.69875,,afl,1
145,0.92059,0.69625,,afl,1
146,0.92061,0.7,,afl,1
147,0.91777,0.7025,,afl,1
148,0.91805,0.70375,,afl,1
149,0.91858,0.70375,,afl,1
150,0.91725,0.70375,,afl,1
1,2.27252,0.155,0.1,fedasync,1
2,2.22138,0.25375,0.1,fedasync,1
3,2.18633,0.27625,0.1,fedasync,1
4,2.1591,0.27625,0.1,fedasync,1
5,2.13331,0.315,0.1,fedasync,1
6,2.1048,0.27875,0.1,fedasync,1
7,2.13026,0.2475,0.1,fedasync,1
8,2.06837,0.3225,0.1,fedasync,1
9,2.05377,0.36625,0.1,fedasync,1
10,1.95829,0.49875,0.1,fedasync,1
11,1.91891,0.465,0.1,fedasync,1
12,1.89336,0.49875,0.1,fedasync,1
13,1.91712,0.44875,0.1,fedasync,1
14,1.90818,0.43375,0.1,fedasync,1
15,2.06845,0.37125,0.1,fedasync,1
16,1.95618,0.37125,0.1,fedasync,1
17,1.86412,0.38375,0.1,fedasync,1
18,1.8047,0.4225,0.1,fedasync,1
19,1.77448,0.4525,0.1,fedasync,1
20,1.85941,0.425,0.1,fedasync,1
21,1.80947,0.44125,0.1,fedasync,1
22,1.73127,0.4375,0.1,fedasync,1
23,1.73308,0.45,0.1,fedasync,1
24,1.53303,0.48875,0.1,fedasync,1
25,1.53255,0.4925,0.1,fedasync,1
26,1.5966,0.44375,0.1,fedasync,1
27,1.52194,0.5,0.1,fedasync,1
28,1.45587,0.545,0.1,fedasync,1
29,1.53552,0.48,0.1,fedasync,1
30,1.632,0.44125,0.1,fedasync,1
31,1.41708,0.515,0.1,fedasync,1
32,1.32423,0.585,0.1,fedasync,1
33,1.30843,0.5625,0.1,fedasync,1
34,1.25817,0.58125,0.1,fedasync,1
35,1.19749,0.63375,0.1,fedasync,1
36,1.19658,0.625,0.1,fedasync,1
37,1.18574,0.61875,0.1,fedasync,1
38,1.1556,0.62875,0.1,fedasync,1
39,1.11651,0.64875,0.1,fedasync,1
40,1.15454,0.625,0.1,fedasync,1
41,1.12472,0.625,0.1,fedasync,1
42,1.18054,0.5925,0.1,fedasync,1
43,1.15831,0.6125,0.1,fedasync,1
44,1.18164,0.59375,0.1,fedasync,1
45,1.13681,0.615,0.1,fedasync,1
46,1.12735,0.6175,0.1,fedasync,1
47,1.07408,0.625,0.1,fedasync,1
48,1.08072,0.6375,0.1,fedasync,1
49,1.13414,0.62375,0.1,fedasync,1
50,1.17283,0.61125,0.1,fedasync,1
51,1.23644,0.6025,0.1,fedasync,1
52,1.05997,0.62625,0.1,fedasync,1
53,1.10428,0.61375,0.1,fedasync,1
54,1.19174,0.61625,0.1,fedasync,1
55,1.22024,0.6,0.1,fedasync,1
56,1.32149,0.605,0.1,fedasync,1
57,1.05119,0.66625,0.1,fedasync,1
58,1.08054,0.66,0.1,fedasync,1
59,0.9563,0.7075,0.1,fedasync,1
60,1.02034,0.69,0.1,fedasync,1
61,0.93279,0.72375,0.1,fedasync,1
62,1.00393,0.7075,0.1,fedasync,1
63,1.01341,0.70625,0.1,fedasync,1
64,1.05109,0.68625,0.1,fedasync,1
65,0.85993,0.7225,0.1,fedasync,1
66,0.91103,0.70125,0.1,fedasync,1
67,0.98793,0.67625,0.1,fedasync,1
68,0.88785,0.7075,0.1,fedasync,1
69,0.96152,0.68,0.1,fedasync,1
70,0.94997,0.69375,0.1,fedasync,1
71,0.83173,0.72625,0.1,fedasync,1
72,0.82062,0.725,0.1,fedasync,1
73,0.83409,0.7175,0.1,fedasync,1
74,0.79687,0.74625,0.1,fedasync,1
75,0.80882,0.7475,0.1,fedasync,1
76,0.76268,0.76,0.1,fedasync,1
77,0.77879,0.755,0.1,fedasync,1
78,0.7757,0.74875,0.1,fedasync,1
79,0.77119,0.75125,0.1,fedasync,1
80,0.77538,0.755,0.1,fedasync,1
81,0.80425,0.7425,0.1,fedasync,1
82,0.81581,0.74,0.1,fedasync,1
83,0.82182,0.74375,0.1,fedasync,1
84,0.81635,0.7425,0.1,fedasync,1
85,0.85097,0.73375,0.1,fedasync,1
86,0.74043,0.77125,0.1,fedasync,1
87,0.76727,0.74375,0.1,fedasync,1
88,0.79041,0.73,0.1,fedasync,1
89,0.79365,0.74875,0.1,fedasync,1
90,0.73371,0.7625,0.1,fedasync,1
91,0.75116,0.7625,0.1,fedasync,1
92,0.72278,0.77875,0.1,fedasync,1
93,0.74097,0.7675,0.1,fedasync,1
94,0.76216,0.77125,0.1,fedasync,1
95,0.7428,0.76875,0.1,fedasync,1
96,0.69636,0.785,0.1,fedasync,1
97,0.7133,0.77375,0.1,fedasync,1
98,0.752,0.76875,0.1,fedasync,1
99,0.80993,0.7425,0.1,fedasync,1
100,0.7895,0.7525,0.1,fedasync,1
101,0.82251,0.74,0.1,fedasync,1
102,0.89582,0.71625,0.1,fedasync,1
103,0.78512,0.7725,0.1,fedasync,1
104,0.84682,0.75,0.1,fedasync,1
105,0.84217,0.73875,0.1,fedasync,1
106,0.8638,0.72875,0.1,fedasync,1
107,0.70962,0.76375,0.1,fedasync,1
108,0.7491,0.7425,0.1,fedasync,1
109,0.80933,0.7225,0.1,fedasync,1
110,0.74285,0.7625,0.1,fedasync,1
111,0.76823,0.74375,0.1,fedasync,1
112,0.82521,0.72125,0.1,fedasync,1
113,0.89936,0.68625,0.1,fedasync,1
114,0.77145,0.74375,0.1,fedasync,1
115,0.80564,0.715,0.1,fedasync,1
116,0.77851,0.7425,0.1,fedasync,1
117,0.81933,0.7175,0.1,fedasync,1
118,0.87687,0.69625,0.1,fedasync,1
119,0.82886,0.70625,0.1,fedasync,1
120,0.7529,0.73625,0.1,fedasync,1
121,0.73642,0.76,0.1,fedasync,1
122,0.78318,0.73375,0.1,fedasync,1
123,0.80443,0.71875,0.1,fedasync,1
124,0.84871,0.7075,0.1,fedasync,1
125,0.90766,0.68625,0.1,fedasync,1
126,0.85145,0.71375,0.1,fedasync,1
127,0.80514,0.7325,0.1,fedasync,1
128,0.85169,0.705,0.1,fedasync,1
129,0.76521,0.73375,0.1,fedasync,1
130,0.74117,0.7475,0.1,fedasync,1
131,0.77043,0.74375,0.1,fedasync,1
132,0.81289,0.7325,0.1,fedasync,1
133,0.72377,0.7575,0.1,fedasync,1
134,0.68291,0.775,0.1,fedasync,1
135,0.72688,0.75375,0.1,fedasync,1
136,0.71039,0.75875,0.1,fedasync,1
137,0.73576,0.75875,0.1,fedasync,1
138,0.76222,0.74,0.1,fedasync,1
139,0.80084,0.74625,0.1,fedasync,1
140,0.76216,0.7425,0.1,fedasync,1
141,0.75858,0.75,0.1,fedasync,1
142,0.79024,0.75375,0.1,fedasync,1
143,0.6709,0.78375,0.1,fedasync,1
144,0.66873,0.77375,0.1,fedasync,1
145,0.68719,0.77125,0.1,fedasync,1
146,0.73691,0.77375,0.1,fedasync,1
147,0.76168,0.76375,0.1,fedasync,1
148,0.83285,0.75125,0.1,fedasync,1
149,0.92245,0.72125,0.1,fedasync,1
150,0.6984,0.77875,0.1,fedasync,1
1,2.57291,0.26625,0.5,fedasync,1
2,2.43266,0.285,0.5,fedasync,1
3,2.39451,0.18625,0.5,fedasync,1
4,2.34744,0.33,0.5,fedasync,1
5,2.56979,0.2075,0.5,fedasync,1
6,2.68716,0.3275,0.5,fedasync,1
7,3.57706,0.3025,0.5,fedasync,1
8,2.5742,0.33125,0.5,fedasync,1
9,1.92718,0.54125,0.5,fedasync,1
10,2.1666,0.4825,0.5,fedasync,1
11,2.96407,0.4075,0.5,fedasync,1
12,1.86487,0.515,0.5,fedasync,1
13,2.54604,0.3675,0.5,fedasync,1
14,2.07472,0.55125,0.5,fedasync,1
15,2.09427,0.50875,0.5,fedasync,1
16,1.55698,0.53875,0.5,fedasync,1
17,1.96008,0.4525,0.5,fedasync,1
18,2.51003,0.3975,0.5,fedasync,1
19,2.97071,0.3875,0.5,fedasync,1
20,2.15973,0.455,0.5,fedasync,1
21,2.22656,0.47375,0.5,fedasync,1
22,1.45432,0.57375,0.5,fedasync,1
23,1.70216,0.585,0.5,fedasync,1
24,1.12309,0.665,0.5,fedasync,1
25,1.24125,0.65125,0.5,fedasync,1
26,1.04933,0.6725,0.5,fedasync,1
27,1.06297,0.67125,0.5,fedasync,1
28,1.40166,0.60625,0.5,fedasync,1
29,1.14124,0.665,0.5,fedasync,1
30,1.64857,0.55125,0.5,fedasync,1
31,1.33425,0.63875,0.5,fedasync,1
32,2.08675,0.56,0.5,fedasync,1
33,2.70977,0.51,0.5,fedasync,1
34,1.9032,0.56875,0.5,fedasync,1
35,1.54709,0.61625,0.5,fedasync,1
36,1.4862,0.67125,0.5,fedasync,1
37,0.97511,0.71,0.5,fedasync,1
38,0.85097,0.73875,0.5,fedasync,1
39,0.96668,0.6975,0.5,fedasync,1
40,1.22041,0.66625,0.5,fedasync,1
41,1.03769,0.71,0.5,fedasync,1
42,1.29937,0.68,0.5,fedasync,1
43,1.27665,0.66625,0.5,fedasync,1
44,1.88597,0.545,0.5,fedasync,1
45,1.52563,0.5925,0.5,fedasync,1
46,1.8051,0.545,0.5,fedasync,1
47,1.00158,0.69125,0.5,fedasync,1
48,1.59108,0.6075,0.5,fedasync,1
49,1.49651,0.62375,0.5,fedasync,1
50,1.86816,0.59,0.5,fedasync,1
51,1.85591,0.58125,0.5,fedasync,1
52,0.87439,0.72125,0.5,fedasync,1
53,1.07584,0.6775,0.5,fedasync,1
54,1.73407,0.59,0.5,fedasync,1
55,1.40769,0.62375,0.5,fedasync,1
56,1.85669,0.59875,0.5,fedasync,1
57,1.46547,0.67375,0.5,fedasync,1
58,1.71962,0.63625,0.5,fedasync,1
59,1.5704,0.66,0.5,fedasync,1
60,1.23312,0.725,0.5,fedasync,1
61,1.32962,0.65875,0.5,fedasync,1
62,1.4003,0.72375,0.5,fedasync,1
63,1.32372,0.7075,0.5,fedasync,1
64,1.7706,0.63125,0.5,fedasync,1
65,0.78252,0.78625,0.5,fedasync,1
66,1.02622,0.72,0.5,fedasync,1
67,1.69108,0.6,0.5,fedasync,1
68,0.9824,0.71625,0.5,fedasync,1
69,1.15084,0.69125,0.5,fedasync,1
70,1.03115,0.74,0.5,fedasync,1
71,0.74497,0.80125,0.5,fedasync,1
72,0.75215,0.77375,0.5,fedasync,1
73,1.12328,0.69875,0.5,fedasync,1
74,0.9129,0.75125,0.5,fedasync,1
75,1.38244,0.63625,0.5,fedasync,1
76,0.85644,0.76,0.5,fedasync,1
77,0.92898,0.74875,0.5,fedasync,1
78,0.97533,0.745,0.5,fedasync,1
79,0.8198,0.76625,0.5,fedasync,1
80,0.79588,0.78125,0.5,fedasync,1
81,0.82275,0.775,0.5,fedasync,1
82,0.9293,0.7525,0.5,fedasync,1
83,1.04581,0.7425,0.5,fedasync,1
84,0.98848,0.7475,0.5,fedasync,1
85,0.94939,0.7625,0.5,fedasync,1
86,0.73517,0.785,0.5,fedasync,1
87,0.96624,0.73875,0.5,fedasync,1
88,0.90184,0.75,0.5,fedasync,1
89,0.76634,0.7725,0.5,fedasync,1
90,0.93094,0.76125,0.5,fedasync,1
91,0.97855,0.745,0.5,fedasync,1
92,1.26156,0.72,0.5,fedasync,1
93,0.91471,0.7775,0.5,fedasync,1
94,1.25659,0.72125,0.5,fedasync,1
95,1.03151,0.76375,0.5,fedasync,1
96,0.80942,0.79625,0.5,fedasync,1
97,0.75763,0.8025,0.5,fedasync,1
98,1.02978,0.74375,0.5,fedasync,1
99,1.25687,0.7125,0.5,fedasync,1
100,0.97191,0.73375,0.5,fedasync,1
101,1.44942,0.6825,0.5,fedasync,1
102,1.85432,0.62625,0.5,fedasync,1
103,1.31758,0.71125,0.5,fedasync,1
104,1.25372,0.7375,0.5,fedasync,1
105,1.13558,0.7375,0.5,fedasync,1
106,1.50611,0.67125,0.5,fedasync,1
107,0.81665,0.78875,0.5,fedasync,1
108,1.21227,0.70375,0.5,fedasync,1
109,1.61725,0.63875,0.5,fedasync,1
110,0.89112,0.77875,0.5,fedasync,1
111,0.84998,0.78,0.5,fedasync,1
112,1.10931,0.725,0.5,fedasync,1
113,1.475,0.67125,0.5,fedasync,1
114,0.92244,0.78,0.5,fedasync,1
115,0.87219,0.785,0.5,fedasync,1
116,0.91606,0.7875,0.5,fedasync,1
117,0.96379,0.75625,0.5,fedasync,1
118,1.16178,0.725,0.5,fedasync,1
119,1.15483,0.74125,0.5,fedasync,1
120,0.65851,0.80875,0.5,fedasync,1
121,0.74701,0.81,0.5,fedasync,1
122,0.76076,0.80125,0.5,fedasync,1
123,0.79662,0.78875,0.5,fedasync,1
124,1.21539,0.70625,0.5,fedasync,1
125,1.0701,0.73,0.5,fedasync,1
126,0.79896,0.8,0.5,fedasync,1
127,0.92646,0.79625,0.5,fedasync,1
128,0.87076,0.785,0.5,fedasync,1
129,0.69479,0.8025,0.5,fedasync,1
130,1.1907,0.72375,0.5,fedasync,1
131,1.59436,0.66625,0.5,fedasync,1
132,1.10138,0.755,0.5,fedasync,1
133,0.7875,0.8025,0.5,fedasync,1
134,0.74451,0.82125,0.5,fedasync,1
135,0.80525,0.7925,0.5,fedasync,1
136,0.96602,0.76875,0.5,fedasync,1
137,1.29997,0.71,0.5,fedasync,1
138,1.04407,0.75875,0.5,fedasync,1
139,1.288,0.705,0.5,fedasync,1
140,0.84871,0.7825,0.5,fedasync,1
141,0.75209,0.80625,0.5,fedasync,1
142,0.95602,0.76375,0.5,fedasync,1
143,0.66609,0.82375,0.5,fedasync,1
144,0.89602,0.77375,0.5,fedasync,1
145,0.65512,0.835,0.5,fedasync,1
146,0.9819,0.77125,0.5,fedasync,1
147,0.8592,0.8075,0.5,fedasync,1
148,1.11924,0.755,0.5,fedasync,1
149,1.36171,0.70875,0.5,fedasync,1
150,0.74153,0.8225,0.5,fedasync,1
1,4.05912,0.28375,0.9,fedasync,1
2,4.14072,0.24125,0.9,fedasync,1
3,2.88999,0.18375,0.9,fedasync,1
4,4.27472,0.22375,0.9,fedasync,1
5,4.87663,0.18375,0.9,fedasync,1
6,4.50834,0.265,0.9,fedasync,1
7,5.02116,0.26125,0.9,fedasync,1
8,4.21402,0.21,0.9,fedasync,1
9,2.52318,0.4425,0.9,fedasync,1
10,4.17731,0.3575,0.9,fedasync,1
11,4.6697,0.35625,0.9,fedasync,1
12,4.27137,0.26,0.9,fedasync,1
13,5.25274,0.2125,0.9,fedasync,1
14,4.30304,0.32125,0.9,fedasync,1
15,3.21964,0.34,0.9,fedasync,1
16,2.95163,0.39125,0.9,fedasync,1
17,3.84055,0.37625,0.9,fedasync,1
18,4.06041,0.37,0.9,fedasync,1
19,4.3601,0.37125,0.9,fedasync,1
20,2.62363,0.37875,0.9,fedasync,1
21,3.33265,0.41,0.9,fedasync,1
22,3.69708,0.4025,0.9,fedasync,1
23,3.58722,0.3675,0.9,fedasync,1
24,3.70388,0.36125,0.9,fedasync,1
25,2.44434,0.39875,0.9,fedasync,1
26,2.24263,0.38,0.9,fedasync,1
27,3.7263,0.4175,0.9,fedasync,1
28,3.29628,0.41875,0.9,fedasync,1
29,2.29146,0.40875,0.9,fedasync,1
30,2.61793,0.40125,0.9,fedasync,1
31,3.29706,0.44875,0.9,fedasync,1
32,3.99068,0.4325,0.9,fedasync,1
33,4.16304,0.44125,0.9,fedasync,1
34,3.81064,0.47625,0.9,fedasync,1
35,3.25303,0.5375,0.9,fedasync,1
36,3.57223,0.4475,0.9,fedasync,1
37,2.16564,0.4325,0.9,fedasync,1
38,3.2537,0.4475,0.9,fedasync,1
39,2.84179,0.47125,0.9,fedasync,1
40,2.39115,0.46,0.9,fedasync,1
41,2.63239,0.4775,0.9,fedasync,1
42,2.1143,0.48375,0.9,fedasync,1
43,3.02071,0.4575,0.9,fedasync,1
44,3.52909,0.43,0.9,fedasync,1
45,4.15174,0.435,0.9,fedasync,1
46,4.81514,0.41125,0.9,fedasync,1
47,3.09637,0.47125,0.9,fedasync,1
48,4.42303,0.41625,0.9,fedasync,1
49,3.59727,0.4025,0.9,fedasync,1
50,3.59291,0.5025,0.9,fedasync,1
51,3.06494,0.4775,0.9,fedasync,1
52,1.82455,0.50375,0.9,fedasync,1
53,3.00234,0.535,0.9,fedasync,1
54,3.59148,0.505,0.9,fedasync,1
55,2.95649,0.48625,0.9,fedasync,1
56,3.56654,0.55375,0.9,fedasync,1
57,4.08911,0.4225,0.9,fedasync,1
58,3.1041,0.4425,0.9,fedasync,1
59,3.58055,0.4775,0.9,fedasync,1
60,4.17851,0.46875,0.9,fedasync,1
61,2.39121,0.5375,0.9,fedasync,1
62,3.10346,0.53875,0.9,fedasync,1
63,2.40448,0.56125,0.9,fedasync,1
64,2.6195,0.545,0.9,fedasync,1
65,1.51435,0.5275,0.9,fedasync,1
66,2.44992,0.5175,0.9,fedasync,1
67,2.97549,0.48625,0.9,fedasync,1
68,2.52613,0.53,0.9,fedasync,1
69,2.60611,0.53875,0.9,fedasync,1
70,2.76124,0.56125,0.9,fedasync,1
71,1.59398,0.53625,0.9,fedasync,1
72,3.0033,0.4975,0.9,fedasync,1
73,3.66472,0.455,0.9,fedasync,1
74,2.592,0.45875,0.9,fedasync,1
75,3.34946,0.42375,0.9,fedasync,1
76,2.85051,0.515,0.9,fedasync,1
77,3.29569,0.52375,0.9,fedasync,1
78,2.06114,0.50625,0.9,fedasync,1
79,2.46393,0.5225,0.9,fedasync,1
80,2.8999,0.50125,0.9,fedasync,1
81,2.85036,0.5225,0.9,fedasync,1
82,2.93206,0.515,0.9,fedasync,1
83,1.82894,0.5675,0.9,fedasync,1
84,3.41557,0.4875,0.9,fedasync,1
85,3.15213,0.55625,0.9,fedasync,1
86,1.96402,0.61875,0.9,fedasync,1
87,3.36532,0.52875,0.9,fedasync,1
88,2.52766,0.56375,0.9,fedasync,1
89,2.19115,0.60375,0.9,fedasync,1
90,2.16663,0.65625,0.9,fedasync,1
91,2.07244,0.605,0.9,fedasync,1
92,2.40277,0.63125,0.9,fedasync,1
93,2.09854,0.605,0.9,fedasync,1
94,2.67534,0.6,0.9,fedasync,1
95,2.17638,0.61375,0.9,fedasync,1
96,1.63555,0.6075,0.9,fedasync,1
97,2.30754,0.5525,0.9,fedasync,1
98,2.80924,0.53875,0.9,fedasync,1
99,2.93598,0.53375,0.9,fedasync,1
100,2.27536,0.635,0.9,fedasync,1
101,2.83749,0.59625,0.9,fedasync,1
102,2.97893,0.59,0.9,fedasync,1
103,1.79331,0.64875,0.9,fedasync,1
104,2.36424,0.63625,0.9,fedasync,1
105,2.44202,0.60875,0.9,fedasync,1
106,2.91883,0.56375,0.9,fedasync,1
107,1.46321,0.665,0.9,fedasync,1
108,1.99761,0.635,0.9,fedasync,1
109,2.4367,0.58875,0.9,fedasync,1
110,2.01366,0.64125,0.9,fedasync,1
111,1.73635,0.69,0.9,fedasync,1
112,2.30526,0.65,0.9,fedasync,1
113,2.60873,0.61625,0.9,fedasync,1
114,1.49267,0.64875,0.9,fedasync,1
115,1.91261,0.6175,0.9,fedasync,1
116,1.96073,0.625,0.9,fedasync,1
117,2.04343,0.635,0.9,fedasync,1
118,2.15418,0.63125,0.9,fedasync,1
119,1.7904,0.5825,0.9,fedasync,1
120,1.92187,0.64125,0.9,fedasync,1
121,1.5006,0.68,0.9,fedasync,1
122,2.03126,0.66375,0.9,fedasync,1
123,1.90614,0.66125,0.9,fedasync,1
124,2.30761,0.625,0.9,fedasync,1
125,2.10669,0.64125,0.9,fedasync,1
126,1.76945,0.68375,0.9,fedasync,1
127,1.4635,0.66375,0.9,fedasync,1
128,2.00983,0.63375,0.9,fedasync,1
129,1.87049,0.65875,0.9,fedasync,1
130,2.31506,0.6375,0.9,fedasync,1
131,2.43843,0.63375,0.9,fedasync,1
132,1.6709,0.7025,0.9,fedasync,1
133,1.55672,0.66,0.9,fedasync,1
134,1.39223,0.6925,0.9,fedasync,1
135,1.92466,0.67,0.9,fedasync,1
136,1.73428,0.63625,0.9,fedasync,1
137,1.8314,0.625,0.9,fedasync,1
138,2.06424,0.615,0.9,fedasync,1
139,1.95395,0.62375,0.9,fedasync,1
140,2.40882,0.61125,0.9,fedasync,1
141,1.62901,0.69625,0.9,fedasync,1
142,2.00878,0.66,0.9,fedasync,1
143,1.80217,0.675,0.9,fedasync,1
144,2.15683,0.6475,0.9,fedasync,1
145,1.35327,0.67375,0.9,fedasync,1
146,1.53594,0.6525,0.9,fedasync,1
147,1.45023,0.6775,0.9,fedasync,1
148,1.63481,0.64875,0.9,fedasync,1
149,1.73527,0.63375,0.9,fedasync,1
150,1.8648,0.67375,0.9,fedasync,1
1,4.49101,0.225,,afl,2
2,4.5103,0.24875,,afl,2
3,2.32026,0.375,,afl,2
4,1.96857,0.37875,,afl,2
5,1.82578,0.39125,,afl,2
6,1.66458,0.455,,afl,2
7,1.66967,0.4,,afl,2
8,1.59307,0.51,,afl,2
9,1.57296,0.5325,,afl,2
10,1.58921,0.5175,,afl,2
11,1.55174,0.53625,,afl,2
12,1.57726,0.52625,,afl,2
13,1.5205,0.5275,,afl,2
14,1.53708,0.5175,,afl,2
15,1.45422,0.53875,,afl,2
16,1.42546,0.5525,,afl,2
17,1.37005,0.56625,,afl,2
18,1.38496,0.56125,,afl,2
19,1.39216,0.55375,,afl,2
20,1.41903,0.53625,,afl,2
21,1.43248,0.53125,,afl,2
22,1.45066,0.52125,,afl,2
23,1.47344,0.52125,,afl,2
24,1.49976,0.51125,,afl,2
25,1.42892,0.5275,,afl,2
26,1.45315,0.51625,,afl,2
27,1.41795,0.52875,,afl,2
28,1.39443,0.5325,,afl,2
29,1.41781,0.52625,,afl,2
30,1.43707,0.52125,,afl,2
31,1.46226,0.515,,afl,2
32,1.40871,0.52875,,afl,2
33,1.39102,0.53375,,afl,2
34,1.35065,0.5475,,afl,2
35,1.37345,0.53875,,afl,2
36,1.39795,0.53375,,afl,2
37,1.42402,0.525,,afl,2
38,1.43522,0.52125,,afl,2
39,1.4479,0.51375,,afl,2
40,1.40664,0.525,,afl,2
41,1.4194,0.52125,,afl,2
42,1.40458,0.525,,afl,2
43,1.39254,0.525,,afl,2
44,1.41441,0.5225,,afl,2
45,1.40078,0.5275,,afl,2
46,1.39292,0.53,,afl,2
47,1.3621,0.54625,,afl,2
48,1.33892,0.55125,,afl,2
49,1.3342,0.5525,,afl,2
50,1.30943,0.55875,,afl,2
51,1.32661,0.55375,,afl,2
52,1.30749,0.5575,,afl,2
53,1.28546,0.56875,,afl,2
54,1.30177,0.555,,afl,2
55,1.29978,0.55625,,afl,2
56,1.2826,0.56625,,afl,2
57,1.28134,0.575,,afl,2
58,1.26548,0.57625,,afl,2
59,1.25061,0.5825,,afl,2
60,1.25307,0.58125,,afl,2
61,1.25258,0.585,,afl,2
62,1.23852,0.5825,,afl,2
63,1.23902,0.585,,afl,2
64,1.22169,0.5875,,afl,2
65,1.20925,0.5875,,afl,2
66,1.22042,0.5875,,afl,2
67,1.22147,0.58625,,afl,2
68,1.23327,0.5825,,afl,2
69,1.21664,0.59,,afl,2
70,1.21824,0.58125,,afl,2
71,1.21821,0.585,,afl,2
72,1.21892,0.59125,,afl,2
73,1.20407,0.59375,,afl,2
74,1.19049,0.5975,,afl,2
75,1.17806,0.605,,afl,2
76,1.1798,0.60625,,afl,2
77,1.18224,0.605,,afl,2
78,1.17179,0.6125,,afl,2
79,1.1624,0.6225,,afl,2
80,1.16552,0.6175,,afl,2
81,1.16884,0.615,,afl,2
82,1.16701,0.6175,,afl,2
83,1.16582,0.6175,,afl,2
84,1.17327,0.61125,,afl,2
85,1.16414,0.6175,,afl,2
86,1.16694,0.61625,,afl,2
87,1.1659,0.61625,,afl,2
88,1.15636,0.62,,afl,2
89,1.14715,0.62,,afl,2
90,1.14931,0.62,,afl,2
91,1.15596,0.61625,,afl,2
92,1.15526,0.615,,afl,2
93,1.14637,0.6175,,afl,2
94,1.15323,0.60875,,afl,2
95,1.14453,0.6225,,afl,2
96,1.15141,0.6175,,afl,2
97,1.15121,0.61875,,afl,2
98,1.15842,0.6175,,afl,2
99,1.16587,0.61625,,afl,2
100,1.17357,0.6125,,afl,2
101,1.18148,0.61,,afl,2
102,1.17221,0.60875,,afl,2
103,1.17257,0.60625,,afl,2
104,1.16356,0.60625,,afl,2
105,1.15499,0.60875,,afl,2
106,1.14589,0.615,,afl,2
107,1.13746,0.62,,afl,2
108,1.12961,0.6225,,afl,2
109,1.12206,0.62375,,afl,2
110,1.12355,0.625,,afl,2
111,1.12355,0.62125,,afl,2
112,1.11625,0.62625,,afl,2
113,1.10923,0.63,,afl,2
114,1.11551,0.63125,,afl,2
115,1.10881,0.63375,,afl,2
116,1.10901,0.6325,,afl,2
117,1.10254,0.63375,,afl,2
118,1.10362,0.63125,,afl,2
119,1.09639,0.6375,,afl,2
120,1.08965,0.64125,,afl,2
121,1.09537,0.64125,,afl,2
122,1.08895,0.6425,,afl,2
123,1.09466,0.64,,afl,2
124,1.10053,0.63875,,afl,2
125,1.09426,0.6425,,afl,2
126,1.08835,0.645,,afl,2
127,1.08239,0.64625,,afl,2
128,1.07689,0.6475,,afl,2
129,1.07124,0.6475,,afl,2
130,1.06623,0.65125,,afl,2
131,1.06567,0.6525,,afl,2
132,1.07079,0.64875,,afl,2
133,1.07183,0.64875,,afl,2
134,1.07283,0.64875,,afl,2
135,1.06725,0.64875,,afl,2
136,1.06193,0.6525,,afl,2
137,1.06147,0.64875,,afl,2
138,1.05635,0.6525,,afl,2
139,1.05149,0.6525,,afl,2
140,1.05617,0.6475,,afl,2
141,1.05161,0.65125,,afl,2
142,1.04668,0.65375,,afl,2
143,1.04788,0.65375,,afl,2
144,1.04923,0.65125,,afl,2
145,1.0507,0.6525,,afl,2
146,1.05215,0.65125,,afl,2
147,1.05644,0.6525,,afl,2
148,1.06084,0.64875,,afl,2
149,1.06534,0.64375,,afl,2
150,1.06064,0.65,,afl,2
1,2.28445,0.185,0.1,fedasync,2
2,2.26256,0.23125,0.1,fedasync,2
3,2.19465,0.24125,0.1,fedasync,2
4,2.15048,0.26625,0.1,fedasync,2
5,2.11654,0.2925,0.1,fedasync,2
6,2.05978,0.34,0.1,fedasync,2
7,2.03113,0.3625,0.1,fedasync,2
8,1.9672,0.43875,0.1,fedasync,2
9,1.91104,0.46875,0.1,fedasync,2
10,1.87675,0.42,0.1,fedasync,2
11,1.80391,0.47875,0.1,fedasync,2
12,1.7813,0.41125,0.1,fedasync,2
13,1.74525,0.43375,0.1,fedasync,2
14,1.74887,0.405,0.1,fedasync,2
15,1.64955,0.44625,0.1,fedasync,2
16,1.58457,0.52375,0.1,fedasync,2
17,1.52437,0.59125,0.1,fedasync,2
18,1.54193,0.5025,0.1,fedasync,2
19,1.52584,0.47125,0.1,fedasync,2
20,1.60202,0.405,0.1,fedasync,2
21,1.62264,0.3975,0.1,fedasync,2
22,1.64459,0.41125,0.1,fedasync,2
23,1.68847,0.40125,0.1,fedasync,2
24,1.78196,0.395,0.1,fedasync,2
25,1.54339,0.4575,0.1,fedasync,2
26,1.62488,0.42125,0.1,fedasync,2
27,1.62332,0.42,0.1,fedasync,2
28,1.51273,0.47,0.1,fedasync,2
29,1.59781,0.4475,0.1,fedasync,2
30,1.66771,0.43625,0.1,fedasync,2
31,1.77444,0.415,0.1,fedasync,2
32,1.51704,0.50125,0.1,fedasync,2
33,1.42681,0.52625,0.1,fedasync,2
34,1.32417,0.60375,0.1,fedasync,2
35,1.42242,0.55125,0.1,fedasync,2
36,1.54512,0.51375,0.1,fedasync,2
37,1.68697,0.46875,0.1,fedasync,2
38,1.67459,0.47875,0.1,fedasync,2
39,1.70417,0.4725,0.1,fedasync,2
40,1.46455,0.56625,0.1,fedasync,2
41,1.51292,0.55625,0.1,fedasync,2
42,1.39195,0.58625,0.1,fedasync,2
43,1.31839,0.60375,0.1,fedasync,2
44,1.41793,0.57125,0.1,fedasync,2
45,1.36717,0.5925,0.1,fedasync,2
46,1.36626,0.59,0.1,fedasync,2
47,1.2732,0.6475,0.1,fedasync,2
48,1.08367,0.655,0.1,fedasync,2
49,1.12758,0.6275,0.1,fedasync,2
50,1.11066,0.64,0.1,fedasync,2
51,1.15108,0.635,0.1,fedasync,2
52,0.99612,0.655,0.1,fedasync,2
53,1.01248,0.64625,0.1,fedasync,2
54,1.05582,0.63875,0.1,fedasync,2
55,1.07901,0.6275,0.1,fedasync,2
56,0.96256,0.65,0.1,fedasync,2
57,1.01563,0.63,0.1,fedasync,2
58,0.94478,0.6725,0.1,fedasync,2
59,0.94285,0.7025,0.1,fedasync,2
60,0.83625,0.7275,0.1,fedasync,2
61,0.87396,0.695,0.1,fedasync,2
62,0.88139,0.72125,0.1,fedasync,2
63,0.92908,0.69375,0.1,fedasync,2
64,0.86766,0.71875,0.1,fedasync,2
65,0.88335,0.70625,0.1,fedasync,2
66,0.8667,0.70625,0.1,fedasync,2
67,0.79929,0.71875,0.1,fedasync,2
68,0.86856,0.6925,0.1,fedasync,2
69,0.81565,0.71375,0.1,fedasync,2
70,0.8052,0.7075,0.1,fedasync,2
71,0.81035,0.71125,0.1,fedasync,2
72,0.84599,0.70875,0.1,fedasync,2
73,0.81889,0.70875,0.1,fedasync,2
74,0.84211,0.69,0.1,fedasync,2
75,0.9046,0.6675,0.1,fedasync,2
76,0.93031,0.6575,0.1,fedasync,2
77,0.98443,0.6475,0.1,fedasync,2
78,1.03601,0.635,0.1,fedasync,2
79,1.12041,0.61125,0.1,fedasync,2
80,1.14809,0.61875,0.1,fedasync,2
81,1.20318,0.60125,0.1,fedasync,2
82,0.93312,0.68,0.1,fedasync,2
83,0.87272,0.6975,0.1,fedasync,2
84,0.90569,0.6925,0.1,fedasync,2
85,0.92246,0.6925,0.1,fedasync,2
86,0.94813,0.68875,0.1,fedasync,2
87,0.91894,0.69875,0.1,fedasync,2
88,0.74574,0.7125,0.1,fedasync,2
89,0.66508,0.75125,0.1,fedasync,2
90,0.70194,0.73,0.1,fedasync,2
91,0.73501,0.72125,0.1,fedasync,2
92,0.73802,0.72125,0.1,fedasync,2
93,0.66149,0.75,0.1,fedasync,2
94,0.72392,0.7375,0.1,fedasync,2
95,0.68883,0.7425,0.1,fedasync,2
96,0.76569,0.72625,0.1,fedasync,2
97,0.78007,0.72,0.1,fedasync,2
98,0.8856,0.69875,0.1,fedasync,2
99,1.00737,0.6775,0.1,fedasync,2
100,1.14134,0.645,0.1,fedasync,2
101,1.27842,0.6225,0.1,fedasync,2
102,0.97858,0.665,0.1,fedasync,2
103,0.97325,0.6575,0.1,fedasync,2
104,0.82641,0.69,0.1,fedasync,2
105,0.78196,0.70625,0.1,fedasync,2
106,0.69566,0.755,0.1,fedasync,2
107,0.67366,0.76,0.1,fedasync,2
108,0.69654,0.76,0.1,fedasync,2
109,0.69122,0.75625,0.1,fedasync,2
110,0.65446,0.765,0.1,fedasync,2
111,0.61227,0.77625,0.1,fedasync,2
112,0.62973,0.77375,0.1,fedasync,2
113,0.68643,0.7475,0.1,fedasync,2
114,0.68828,0.755,0.1,fedasync,2
115,0.72831,0.74875,0.1,fedasync,2
116,0.67753,0.75625,0.1,fedasync,2
117,0.72279,0.75,0.1,fedasync,2
118,0.67663,0.76625,0.1,fedasync,2
119,0.62936,0.77875,0.1,fedasync,2
120,0.63897,0.7675,0.1,fedasync,2
121,0.6537,0.7525,0.1,fedasync,2
122,0.68539,0.755,0.1,fedasync,2
123,0.71561,0.74,0.1,fedasync,2
124,0.77854,0.72375,0.1,fedasync,2
125,0.78683,0.73,0.1,fedasync,2
126,0.84046,0.71875,0.1,fedasync,2
127,0.74991,0.74375,0.1,fedasync,2
128,0.81911,0.72625,0.1,fedasync,2
129,0.76711,0.73875,0.1,fedasync,2
130,0.8405,0.72125,0.1,fedasync,2
131,0.7044,0.75875,0.1,fedasync,2
132,0.71794,0.7475,0.1,fedasync,2
133,0.67478,0.755,0.1,fedasync,2
134,0.66775,0.74375,0.1,fedasync,2
135,0.63083,0.7725,0.1,fedasync,2
136,0.64531,0.775,0.1,fedasync,2
137,0.58169,0.7875,0.1,fedasync,2
138,0.61624,0.78,0.1,fedasync,2
139,0.68438,0.75375,0.1,fedasync,2
140,0.6668,0.76,0.1,fedasync,2
141,0.71734,0.75125,0.1,fedasync,2
142,0.66204,0.77375,0.1,fedasync,2
143,0.639,0.7825,0.1,fedasync,2
144,0.6473,0.78125,0.1,fedasync,2
145,0.67863,0.77375,0.1,fedasync,2
146,0.7288,0.755,0.1,fedasync,2
147,0.73124,0.74125,0.1,fedasync,2
148,0.76969,0.72875,0.1,fedasync,2
149,0.83588,0.71125,0.1,fedasync,2
150,0.77541,0.7325,0.1,fedasync,2
1,2.56097,0.23875,0.5,fedasync,2
2,3.3246,0.2525,0.5,fedasync,2
3,2.26227,0.27125,0.5,fedasync,2
4,2.25486,0.30125,0.5,fedasync,2
5,2.09661,0.31,0.5,fedasync,2
6,2.02425,0.2975,0.5,fedasync,2
7,1.71076,0.41375,0.5,fedasync,2
8,1.54676,0.495,0.5,fedasync,2
9,2.28744,0.4075,0.5,fedasync,2
10,2.95335,0.385,0.5,fedasync,2
11,1.72424,0.46125,0.5,fedasync,2
12,2.10372,0.4625,0.5,fedasync,2
13,1.84152,0.49375,0.5,fedasync,2
14,2.2776,0.43625,0.5,fedasync,2
15,1.62431,0.555,0.5,fedasync,2
16,1.27879,0.52875,0.5,fedasync,2
17,1.90406,0.45625,0.5,fedasync,2
18,1.52533,0.54875,0.5,fedasync,2
19,1.44273,0.58875,0.5,fedasync,2
20,2.01035,0.49625,0.5,fedasync,2
21,2.07521,0.49375,0.5,fedasync,2
22,2.52148,0.46,0.5,fedasync,2
23,2.92444,0.4425,0.5,fedasync,2
24,3.21581,0.4225,0.5,fedasync,2
25,1.91276,0.615,0.5,fedasync,2
26,1.33687,0.65875,0.5,fedasync,2
27,1.36773,0.63375,0.5,fedasync,2
28,2.10093,0.47,0.5,fedasync,2
29,1.82805,0.5575,0.5,fedasync,2
30,1.69369,0.6,0.5,fedasync,2
31,2.19742,0.54375,0.5,fedasync,2
32,1.8928,0.62375,0.5,fedasync,2
33,1.7117,0.63,0.5,fedasync,2
34,2.58028,0.55,0.5,fedasync,2
35,2.09034,0.60375,0.5,fedasync,2
36,2.40216,0.55,0.5,fedasync,2
37,2.68577,0.51125,0.5,fedasync,2
38,1.87972,0.63375,0.5,fedasync,2
39,2.10777,0.57625,0.5,fedasync,2
40,2.10229,0.6175,0.5,fedasync,2
41,1.70206,0.68,0.5,fedasync,2
42,1.64623,0.66625,0.5,fedasync,2
43,2.26508,0.5275,0.5,fedasync,2
44,1.9944,0.61625,0.5,fedasync,2
45,2.36075,0.525,0.5,fedasync,2
46,2.86984,0.46,0.5,fedasync,2
47,2.71941,0.55125,0.5,fedasync,2
48,1.0841,0.61875,0.5,fedasync,2
49,1.0867,0.645,0.5,fedasync,2
50,1.62676,0.5875,0.5,fedasync,2
51,1.38316,0.63875,0.5,fedasync,2
52,1.11574,0.62625,0.5,fedasync,2
53,1.44481,0.59375,0.5,fedasync,2
54,1.47626,0.63125,0.5,fedasync,2
55,1.34662,0.6625,0.5,fedasync,2
56,0.87469,0.715,0.5,fedasync,2
57,1.15616,0.67125,0.5,fedasync,2
58,1.20445,0.64625,0.5,fedasync,2
59,1.76221,0.5725,0.5,fedasync,2
60,0.87261,0.715,0.5,fedasync,2
61,0.95937,0.71625,0.5,fedasync,2
62,0.95178,0.72375,0.5,fedasync,2
63,1.12087,0.705,0.5,fedasync,2
64,1.14235,0.68,0.5,fedasync,2
65,1.0213,0.68625,0.5,fedasync,2
66,1.04002,0.70125,0.5,fedasync,2
67,0.95101,0.7075,0.5,fedasync,2
68,1.27879,0.69125,0.5,fedasync,2
69,1.32565,0.6625,0.5,fedasync,2
70,1.15317,0.6975,0.5,fedasync,2
71,1.03391,0.715,0.5,fedasync,2
72,1.35079,0.655,0.5,fedasync,2
73,1.4318,0.66625,0.5,fedasync,2
74,2.03314,0.60125,0.5,fedasync,2
75,2.42353,0.5525,0.5,fedasync,2
76,1.68868,0.63375,0.5,fedasync,2
77,1.87605,0.59625,0.5,fedasync,2
78,1.94743,0.61375,0.5,fedasync,2
79,2.37986,0.57375,0.5,fedasync,2
80,1.90133,0.615,0.5,fedasync,2
81,2.04067,0.60125,0.5,fedasync,2
82,1.43415,0.70875,0.5,fedasync,2
83,1.91932,0.64625,0.5,fedasync,2
84,1.78274,0.66125,0.5,fedasync,2
85,1.58043,0.68,0.5,fedasync,2
86,1.33949,0.6925,0.5,fedasync,2
87,1.39195,0.7175,0.5,fedasync,2
88,0.57058,0.81,0.5,fedasync,2
89,1.09019,0.69125,0.5,fedasync,2
90,0.9158,0.74,0.5,fedasync,2
91,0.82356,0.74125,0.5,fedasync,2
92,0.82296,0.745,0.5,fedasync,2
93,0.87544,0.745,0.5,fedasync,2
94,0.92767,0.7275,0.5,fedasync,2
95,0.83101,0.7575,0.5,fedasync,2
96,0.92372,0.74625,0.5,fedasync,2
97,0.85603,0.74125,0.5,fedasync,2
98,1.05286,0.73,0.5,fedasync,2
99,1.24198,0.70125,0.5,fedasync,2
100,1.3788,0.67875,0.5,fedasync,2
101,1.48604,0.6725,0.5,fedasync,2
102,0.92626,0.74,0.5,fedasync,2
103,0.82305,0.775,0.5,fedasync,2
104,1.10123,0.70375,0.5,fedasync,2
105,1.60624,0.6325,0.5,fedasync,2
106,1.12998,0.71625,0.5,fedasync,2
107,1.78146,0.62625,0.5,fedasync,2
108,2.1962,0.57375,0.5,fedasync,2
109,1.05491,0.695,0.5,fedasync,2
110,0.89007,0.765,0.5,fedasync,2
111,0.62773,0.81875,0.5,fedasync,2
112,0.8374,0.7625,0.5,fedasync,2
113,1.31812,0.67125,0.5,fedasync,2
114,1.12707,0.71,0.5,fedasync,2
115,1.08075,0.73375,0.5,fedasync,2
116,0.75458,0.785,0.5,fedasync,2
117,1.02297,0.7375,0.5,fedasync,2
118,0.8219,0.78375,0.5,fedasync,2
119,0.82055,0.785,0.5,fedasync,2
120,1.38121,0.69,0.5,fedasync,2
121,0.90259,0.76,0.5,fedasync,2
122,1.40997,0.675,0.5,fedasync,2
123,1.13612,0.71875,0.5,fedasync,2
124,1.28173,0.69875,0.5,fedasync,2
125,1.498,0.6625,0.5,fedasync,2
126,1.97186,0.61125,0.5,fedasync,2
127,0.92415,0.74625,0.5,fedasync,2
128,1.1156,0.73125,0.5,fedasync,2
129,1.10803,0.7275,0.5,fedasync,2
130,1.23921,0.70625,0.5,fedasync,2
131,0.70729,0.80375,0.5,fedasync,2
132,0.7368,0.79625,0.5,fedasync,2
133,0.71889,0.8,0.5,fedasync,2
134,1.02202,0.75125,0.5,fedasync,2
135,0.67282,0.815,0.5,fedasync,2
136,1.00124,0.7375,0.5,fedasync,2
137,0.61639,0.83375,0.5,fedasync,2
138,0.89245,0.75125,0.5,fedasync,2
139,1.24999,0.68625,0.5,fedasync,2
140,0.99345,0.73875,0.5,fedasync,2
141,0.99291,0.745,0.5,fedasync,2
142,0.80227,0.80125,0.5,fedasync,2
143,0.7619,0.80125,0.5,fedasync,2
144,0.9768,0.75875,0.5,fedasync,2
145,1.142,0.72625,0.5,fedasync,2
146,1.24975,0.71125,0.5,fedasync,2
147,0.88411,0.775,0.5,fedasync,2
148,1.08098,0.74125,0.5,fedasync,2
149,1.19554,0.725,0.5,fedasync,2
150,1.07508,0.73625,0.5,fedasync,2
1,3.97965,0.23125,0.9,fedasync,2
2,4.43766,0.2625,0.9,fedasync,2
3,3.62718,0.24,0.9,fedasync,2
4,3.65047,0.275,0.9,fedasync,2
5,3.74457,0.21625,0.9,fedasync,2
6,3.58704,0.27375,0.9,fedasync,2
7,3.2491,0.32625,0.9,fedasync,2
8,2.50328,0.44,0.9,fedasync,2
9,3.16315,0.45125,0.9,fedasync,2
10,3.42183,0.44,0.9,fedasync,2
11,2.35347,0.3,0.9,fedasync,2
12,3.07852,0.36875,0.9,fedasync,2
13,2.36671,0.295,0.9,fedasync,2
14,3.33363,0.3375,0.9,fedasync,2
15,2.9674,0.4025,0.9,fedasync,2
16,2.29203,0.4425,0.9,fedasync,2
17,2.81188,0.36625,0.9,fedasync,2
18,2.5591,0.44875,0.9,fedasync,2
19,2.90633,0.48,0.9,fedasync,2
20,3.60144,0.3925,0.9,fedasync,2
21,3.10705,0.465,0.9,fedasync,2
22,3.46355,0.45875,0.9,fedasync,2
23,3.60209,0.45125,0.9,fedasync,2
24,3.6684,0.4475,0.9,fedasync,2
25,3.34947,0.45,0.9,fedasync,2
26,2.26722,0.51,0.9,fedasync,2
27,1.94691,0.4975,0.9,fedasync,2
28,2.52946,0.42625,0.9,fedasync,2
29,3.11607,0.43625,0.9,fedasync,2
30,2.53182,0.51375,0.9,fedasync,2
31,3.38089,0.4575,0.9,fedasync,2
32,2.76466,0.50875,0.9,fedasync,2
33,2.53195,0.4625,0.9,fedasync,2
34,3.19305,0.49625,0.9,fedasync,2
35,2.76773,0.50625,0.9,fedasync,2
36,3.22114,0.46875,0.9,fedasync,2
37,3.52702,0.4425,0.9,fedasync,2
38,2.1492,0.5925,0.9,fedasync,2
39,2.52555,0.55375,0.9,fedasync,2
40,3.35913,0.5,0.9,fedasync,2
41,2.19372,0.5825,0.9,fedasync,2
42,2.21681,0.5325,0.9,fedasync,2
43,2.55318,0.4875,0.9,fedasync,2
44,2.75725,0.54,0.9,fedasync,2
45,2.6545,0.49125,0.9,fedasync,2
46,3.10272,0.46,0.9,fedasync,2
47,2.98508,0.56,0.9,fedasync,2
48,1.97367,0.51125,0.9,fedasync,2
49,1.98306,0.55875,0.9,fedasync,2
50,2.68668,0.51375,0.9,fedasync,2
51,2.16657,0.5975,0.9,fedasync,2
52,2.44921,0.49,0.9,fedasync,2
53,2.49565,0.5025,0.9,fedasync,2
54,2.33133,0.58625,0.9,fedasync,2
55,2.21259,0.5775,0.9,fedasync,2
56,2.01727,0.54875,0.9,fedasync,2
57,1.64062,0.6425,0.9,fedasync,2
58,2.23166,0.5325,0.9,fedasync,2
59,2.71067,0.495,0.9,fedasync,2
60,1.75494,0.6225,0.9,fedasync,2
61,1.98825,0.59875,0.9,fedasync,2
62,2.03557,0.57125,0.9,fedasync,2
63,1.91885,0.63875,0.9,fedasync,2
64,2.6092,0.55375,0.9,fedasync,2
65,2.1273,0.54875,0.9,fedasync,2
66,2.60079,0.54125,0.9,fedasync,2
67,2.04109,0.60125,0.9,fedasync,2
68,2.97139,0.56375,0.9,fedasync,2
69,2.32125,0.57125,0.9,fedasync,2
70,2.0289,0.625,0.9,fedasync,2
71,1.99821,0.60625,0.9,fedasync,2
72,2.37817,0.565,0.9,fedasync,2
73,2.39892,0.59375,0.9,fedasync,2
74,2.5628,0.58875,0.9,fedasync,2
75,2.59291,0.58375,0.9,fedasync,2
76,2.56315,0.535,0.9,fedasync,2
77,2.58856,0.5325,0.9,fedasync,2
78,2.60167,0.60375,0.9,fedasync,2
79,2.71892,0.595,0.9,fedasync,2
80,2.02576,0.60875,0.9,fedasync,2
81,2.16558,0.60125,0.9,fedasync,2
82,2.17898,0.6125,0.9,fedasync,2
83,2.36026,0.6,0.9,fedasync,2
84,2.90805,0.59125,0.9,fedasync,2
85,2.50893,0.6025,0.9,fedasync,2
86,2.24832,0.6125,0.9,fedasync,2
87,2.16842,0.66125,0.9,fedasync,2
88,1.78356,0.6,0.9,fedasync,2
89,2.29086,0.565,0.9,fedasync,2
90,2.0195,0.63375,0.9,fedasync,2
91,1.9199,0.6475,0.9,fedasync,2
92,1.67018,0.64,0.9,fedasync,2
93,2.10971,0.5975,0.9,fedasync,2
94,1.92226,0.65,0.9,fedasync,2
95,2.31121,0.615,0.9,fedasync,2
96,1.96212,0.66375,0.9,fedasync,2
97,1.65403,0.6625,0.9,fedasync,2
98,2.05382,0.67375,0.9,fedasync,2
99,2.23968,0.655,0.9,fedasync,2
100,2.35398,0.65,0.9,fedasync,2
101,2.42374,0.64375,0.9,fedasync,2
102,2.15911,0.59875,0.9,fedasync,2
103,1.841,0.69625,0.9,fedasync,2
104,2.05195,0.60625,0.9,fedasync,2
105,2.4735,0.59375,0.9,fedasync,2
106,2.95228,0.5525,0.9,fedasync,2
107,3.10742,0.53875,0.9,fedasync,2
108,2.99527,0.545,0.9,fedasync,2
109,2.4183,0.575,0.9,fedasync,2
110,2.2617,0.59875,0.9,fedasync,2
111,2.48437,0.60625,0.9,fedasync,2
112,2.39317,0.59125,0.9,fedasync,2
113,2.59072,0.57375,0.9,fedasync,2
114,2.07841,0.59375,0.9,fedasync,2
115,2.31755,0.61125,0.9,fedasync,2
116,2.42196,0.64875,0.9,fedasync,2
117,2.071,0.62625,0.9,fedasync,2
118,2.22226,0.6125,0.9,fedasync,2
119,2.3569,0.62125,0.9,fedasync,2
120,2.76205,0.58375,0.9,fedasync,2
121,2.16289,0.6425,0.9,fedasync,2
122,2.56845,0.60875,0.9,fedasync,2
123,2.23443,0.63625,0.9,fedasync,2
124,2.41924,0.6325,0.9,fedasync,2
125,2.80483,0.6,0.9,fedasync,2
126,3.01678,0.585,0.9,fedasync,2
127,1.7304,0.63,0.9,fedasync,2
128,2.69948,0.585,0.9,fedasync,2
129,1.65352,0.65125,0.9,fedasync,2
130,2.46669,0.60875,0.9,fedasync,2
131,1.54714,0.685,0.9,fedasync,2
132,1.6105,0.67625,0.9,fedasync,2
133,2.18653,0.65125,0.9,fedasync,2
134,2.08271,0.65125,0.9,fedasync,2
135,1.72722,0.64875,0.9,fedasync,2
136,1.97357,0.63125,0.9,fedasync,2
137,2.2578,0.66,0.9,fedasync,2
138,1.54918,0.6675,0.9,fedasync,2
139,1.75445,0.64375,0.9,fedasync,2
140,1.77207,0.66,0.9,fedasync,2
141,1.61428,0.6875,0.9,fedasync,2
142,2.36274,0.62625,0.9,fedasync,2
143,2.11053,0.67375,0.9,fedasync,2
144,2.34694,0.6575,0.9,fedasync,2
145,2.44443,0.655,0.9,fedasync,2
146,2.5052,0.65125,0.9,fedasync,2
147,2.34071,0.61625,0.9,fedasync,2
148,2.8633,0.5925,0.9,fedasync,2
149,2.93666,0.58875,0.9,fedasync,2
150,2.46299,0.62875,0.9,fedasync,2
1,4.30426,0.2525,,afl,3
2,2.19194,0.34125,,afl,3
3,2.30581,0.335,,afl,3
4,1.84843,0.44625,,afl,3
5,1.81503,0.505,,afl,3
6,1.62788,0.53625,,afl,3
7,1.5859,0.52625,,afl,3
8,1.47062,0.5125,,afl,3
9,1.46218,0.515,,afl,3
10,1.41118,0.51625,,afl,3
11,1.39536,0.52,,afl,3
12,1.39327,0.515,,afl,3
13,1.38782,0.52875,,afl,3
14,1.39535,0.52625,,afl,3
15,1.39279,0.53125,,afl,3
16,1.38373,0.54,,afl,3
17,1.40101,0.53875,,afl,3
18,1.40374,0.53,,afl,3
19,1.39218,0.5375,,afl,3
20,1.3551,0.5475,,afl,3
21,1.33696,0.55125,,afl,3
22,1.33906,0.54625,,afl,3
23,1.33699,0.55125,,afl,3
24,1.32441,0.55125,,afl,3
25,1.30224,0.55125,,afl,3
26,1.30905,0.56,,afl,3
27,1.307,0.55875,,afl,3
28,1.3103,0.56625,,afl,3
29,1.31976,0.56125,,afl,3
30,1.32192,0.57,,afl,3
31,1.30237,0.5725,,afl,3
32,1.28938,0.58,,afl,3
33,1.27317,0.58,,afl,3
34,1.26135,0.5825,,afl,3
35,1.25116,0.5775,,afl,3
36,1.24911,0.58375,,afl,3
37,1.24892,0.5825,,afl,3
38,1.23813,0.5825,,afl,3
39,1.24237,0.58125,,afl,3
40,1.2265,0.5825,,afl,3
41,1.23291,0.58125,,afl,3
42,1.24179,0.5725,,afl,3
43,1.2531,0.5675,,afl,3
44,1.26672,0.5675,,afl,3
45,1.26015,0.56625,,afl,3
46,1.25644,0.57125,,afl,3
47,1.25523,0.575,,afl,3
48,1.25308,0.57875,,afl,3
49,1.25161,0.58625,,afl,3
50,1.25072,0.58875,,afl,3
51,1.24877,0.59125,,afl,3
52,1.25669,0.58875,,afl,3
53,1.25322,0.5925,,afl,3
54,1.25089,0.59125,,afl,3
55,1.25309,0.59,,afl,3
56,1.24006,0.58875,,afl,3
57,1.24671,0.5925,,afl,3
58,1.23025,0.5975,,afl,3
59,1.23191,0.58875,,afl,3
60,1.22908,0.595,,afl,3
61,1.21487,0.5975,,afl,3
62,1.21705,0.595,,afl,3
63,1.21533,0.60125,,afl,3
64,1.21493,0.5975,,afl,3
65,1.21865,0.5975,,afl,3
66,1.21876,0.595,,afl,3
67,1.20624,0.60125,,afl,3
68,1.19711,0.6,,afl,3
69,1.20071,0.60125,,afl,3
70,1.20525,0.6075,,afl,3
71,1.20574,0.6025,,afl,3
72,1.20706,0.59875,,afl,3
73,1.20527,0.5975,,afl,3
74,1.20711,0.595,,afl,3
75,1.19616,0.6,,afl,3
76,1.1864,0.6075,,afl,3
77,1.17909,0.60375,,afl,3
78,1.17772,0.60125,,afl,3
79,1.16917,0.605,,afl,3
80,1.17169,0.61,,afl,3
81,1.16397,0.6075,,afl,3
82,1.15762,0.6075,,afl,3
83,1.1518,0.61375,,afl,3
84,1.1546,0.61625,,afl,3
85,1.14805,0.62125,,afl,3
86,1.14269,0.62875,,afl,3
87,1.1457,0.625,,afl,3
88,1.14928,0.62375,,afl,3
89,1.15016,0.625,,afl,3
90,1.15391,0.62125,,afl,3
91,1.14832,0.625,,afl,3
92,1.14326,0.62625,,afl,3
93,1.14452,0.62375,,afl,3
94,1.14014,0.62375,,afl,3
95,1.14333,0.62375,,afl,3
96,1.13751,0.625,,afl,3
97,1.13899,0.62375,,afl,3
98,1.13381,0.62375,,afl,3
99,1.13571,0.6225,,afl,3
100,1.13199,0.62625,,afl,3
101,1.13459,0.62375,,afl,3
102,1.13775,0.6225,,afl,3
103,1.13516,0.62625,,afl,3
104,1.13208,0.6275,,afl,3
105,1.12813,0.6275,,afl,3
106,1.13128,0.62625,,afl,3
107,1.12749,0.62625,,afl,3
108,1.12877,0.62625,,afl,3
109,1.12388,0.62625,,afl,3
110,1.12551,0.62625,,afl,3
111,1.12236,0.62625,,afl,3
112,1.12487,0.6275,,afl,3
113,1.12769,0.6225,,afl,3
114,1.12443,0.625,,afl,3
115,1.12744,0.62125,,afl,3
116,1.12294,0.6275,,afl,3
117,1.11875,0.6275,,afl,3
118,1.12216,0.62625,,afl,3
119,1.12592,0.62625,,afl,3
120,1.12251,0.62375,,afl,3
121,1.119,0.62625,,afl,3
122,1.12284,0.62375,,afl,3
123,1.11877,0.62625,,afl,3
124,1.12283,0.62625,,afl,3
125,1.1194,0.625,,afl,3
126,1.11574,0.6275,,afl,3
127,1.11257,0.62875,,afl,3
128,1.10963,0.62875,,afl,3
129,1.11331,0.62625,,afl,3
130,1.11016,0.63,,afl,3
131,1.11403,0.63125,,afl,3
132,1.11818,0.6275,,afl,3
133,1.11519,0.63,,afl,3
134,1.11266,0.63,,afl,3
135,1.11234,0.6275,,afl,3
136,1.11643,0.63125,,afl,3
137,1.11618,0.6325,,afl,3
138,1.11357,0.63,,afl,3
139,1.11354,0.63125,,afl,3
140,1.10946,0.6375,,afl,3
141,1.1056,0.635,,afl,3
142,1.10932,0.635,,afl,3
143,1.10611,0.635,,afl,3
144,1.10313,0.63375,,afl,3
145,1.10094,0.63,,afl,3
146,1.09733,0.635,,afl,3
147,1.09744,0.635,,afl,3
148,1.09592,0.6325,,afl,3
149,1.09922,0.6325,,afl,3
150,1.09933,0.63375,,afl,3
1,2.24304,0.21375,0.1,fedasync,3
2,2.19193,0.245,0.1,fedasync,3
3,2.13075,0.28875,0.1,fedasync,3
4,2.06696,0.36125,0.1,fedasync,3
5,2.03648,0.41375,0.1,fedasync,3
6,1.96285,0.43125,0.1,fedasync,3
7,1.91545,0.43875,0.1,fedasync,3
8,1.94066,0.4625,0.1,fedasync,3
9,1.98049,0.43625,0.1,fedasync,3
10,1.89273,0.4925,0.1,fedasync,3
11,1.82425,0.4775,0.1,fedasync,3
12,1.84129,0.49,0.1,fedasync,3
13,1.76983,0.51,0.1,fedasync,3
14,1.81957,0.52125,0.1,fedasync,3
15,1.8385,0.48,0.1,fedasync,3
16,1.81018,0.5025,0.1,fedasync,3
17,1.84506,0.45875,0.1,fedasync,3
18,1.80649,0.465,0.1,fedasync,3
19,1.72138,0.495,0.1,fedasync,3
20,1.61079,0.55625,0.1,fedasync,3
21,1.55695,0.56,0.1,fedasync,3
22,1.5326,0.55125,0.1,fedasync,3
23,1.47761,0.57125,0.1,fedasync,3
24,1.45158,0.55375,0.1,fedasync,3
25,1.40031,0.56875,0.1,fedasync,3
26,1.39714,0.5525,0.1,fedasync,3
27,1.3557,0.57125,0.1,fedasync,3
28,1.36742,0.57,0.1,fedasync,3
29,1.41564,0.55625,0.1,fedasync,3
30,1.3738,0.56375,0.1,fedasync,3
31,1.33729,0.605,0.1,fedasync,3
32,1.32272,0.5975,0.1,fedasync,3
33,1.30587,0.58625,0.1,fedasync,3
34,1.27558,0.605,0.1,fedasync,3
35,1.29565,0.59625,0.1,fedasync,3
36,1.34539,0.56375,0.1,fedasync,3
37,1.43775,0.52625,0.1,fedasync,3
38,1.36528,0.55875,0.1,fedasync,3
39,1.32386,0.5625,0.1,fedasync,3
40,1.22894,0.59125,0.1,fedasync,3
41,1.2436,0.59,0.1,fedasync,3
42,1.31042,0.55875,0.1,fedasync,3
43,1.4266,0.50125,0.1,fedasync,3
44,1.5982,0.4625,0.1,fedasync,3
45,1.39593,0.52625,0.1,fedasync,3
46,1.31133,0.56125,0.1,fedasync,3
47,1.28943,0.555,0.1,fedasync,3
48,1.27919,0.56875,0.1,fedasync,3
49,1.28638,0.5575,0.1,fedasync,3
50,1.30925,0.545,0.1,fedasync,3
51,1.33174,0.535,0.1,fedasync,3
52,1.31113,0.5475,0.1,fedasync,3
53,1.35786,0.53375,0.1,fedasync,3
54,1.45308,0.50625,0.1,fedasync,3
55,1.57435,0.465,0.1,fedasync,3
56,1.35154,0.52,0.1,fedasync,3
57,1.3067,0.54375,0.1,fedasync,3
58,1.12709,0.6075,0.1,fedasync,3
59,1.19583,0.5775,0.1,fedasync,3
60,1.13871,0.585,0.1,fedasync,3
61,1.04636,0.625,0.1,fedasync,3
62,1.12836,0.605,0.1,fedasync,3
63,1.10745,0.60125,0.1,fedasync,3
64,1.14553,0.59,0.1,fedasync,3
65,1.09188,0.61375,0.1,fedasync,3
66,1.15157,0.58375,0.1,fedasync,3
67,1.05689,0.635,0.1,fedasync,3
68,0.99445,0.6425,0.1,fedasync,3
69,0.99061,0.65375,0.1,fedasync,3
70,1.0529,0.6325,0.1,fedasync,3
71,1.07046,0.63125,0.1,fedasync,3
72,1.13682,0.625,0.1,fedasync,3
73,1.05028,0.63875,0.1,fedasync,3
74,1.1384,0.60625,0.1,fedasync,3
75,1.03322,0.6575,0.1,fedasync,3
76,1.02643,0.665,0.1,fedasync,3
77,0.97587,0.675,0.1,fedasync,3
78,0.90382,0.6825,0.1,fedasync,3
79,0.92152,0.6825,0.1,fedasync,3
80,0.91916,0.6825,0.1,fedasync,3
81,0.9654,0.6675,0.1,fedasync,3
82,0.93025,0.67375,0.1,fedasync,3
83,0.93104,0.66875,0.1,fedasync,3
84,0.948,0.675,0.1,fedasync,3
85,1.00108,0.65625,0.1,fedasync,3
86,0.99839,0.65375,0.1,fedasync,3
87,1.03913,0.64375,0.1,fedasync,3
88,1.13975,0.62625,0.1,fedasync,3
89,1.03956,0.665,0.1,fedasync,3
90,1.15419,0.635,0.1,fedasync,3
91,1.0888,0.6375,0.1,fedasync,3
92,1.0712,0.63875,0.1,fedasync,3
93,1.0385,0.65625,0.1,fedasync,3
94,1.05347,0.65,0.1,fedasync,3
95,1.09513,0.63875,0.1,fedasync,3
96,1.08986,0.645,0.1,fedasync,3
97,1.07746,0.665,0.1,fedasync,3
98,1.10688,0.67,0.1,fedasync,3
99,1.13358,0.67125,0.1,fedasync,3
100,1.12557,0.67875,0.1,fedasync,3
101,1.12288,0.66375,0.1,fedasync,3
102,1.19415,0.65375,0.1,fedasync,3
103,0.925,0.68375,0.1,fedasync,3
104,0.82629,0.695,0.1,fedasync,3
105,0.82795,0.70125,0.1,fedasync,3
106,0.88756,0.6825,0.1,fedasync,3
107,0.88775,0.69,0.1,fedasync,3
108,0.88377,0.68625,0.1,fedasync,3
109,0.87053,0.7,0.1,fedasync,3
110,0.91105,0.69625,0.1,fedasync,3
111,0.92421,0.69125,0.1,fedasync,3
112,0.93221,0.6775,0.1,fedasync,3
113,1.00393,0.65875,0.1,fedasync,3
114,0.98782,0.66625,0.1,fedasync,3
115,1.0827,0.63875,0.1,fedasync,3
116,1.05597,0.66,0.1,fedasync,3
117,1.0751,0.66,0.1,fedasync,3
118,1.16884,0.65125,0.1,fedasync,3
119,1.2948,0.6275,0.1,fedasync,3
120,1.20217,0.63875,0.1,fedasync,3
121,0.92411,0.67625,0.1,fedasync,3
122,1.03976,0.65125,0.1,fedasync,3
123,1.02421,0.66875,0.1,fedasync,3
124,1.14963,0.64,0.1,fedasync,3
125,1.07669,0.65625,0.1,fedasync,3
126,0.89163,0.68375,0.1,fedasync,3
127,0.88151,0.69125,0.1,fedasync,3
128,0.9036,0.68125,0.1,fedasync,3
129,0.9648,0.6725,0.1,fedasync,3
130,0.85284,0.71,0.1,fedasync,3
131,0.93029,0.6925,0.1,fedasync,3
132,1.04737,0.65625,0.1,fedasync,3
133,0.91598,0.70125,0.1,fedasync,3
134,0.87396,0.70875,0.1,fedasync,3
135,0.77689,0.73875,0.1,fedasync,3
136,0.82664,0.7125,0.1,fedasync,3
137,0.77426,0.735,0.1,fedasync,3
138,0.77083,0.73875,0.1,fedasync,3
139,0.76678,0.73375,0.1,fedasync,3
140,0.73017,0.7425,0.1,fedasync,3
141,0.74297,0.7325,0.1,fedasync,3
142,0.76259,0.72125,0.1,fedasync,3
143,0.74343,0.73375,0.1,fedasync,3
144,0.75225,0.73875,0.1,fedasync,3
145,0.71007,0.745,0.1,fedasync,3
146,0.72685,0.74375,0.1,fedasync,3
147,0.74181,0.7475,0.1,fedasync,3
148,0.71954,0.75,0.1,fedasync,3
149,0.69803,0.75375,0.1,fedasync,3
150,0.72473,0.74875,0.1,fedasync,3
1,2.40804,0.2675,0.5,fedasync,3
2,2.23043,0.28375,0.5,fedasync,3
3,2.44003,0.30375,0.5,fedasync,3
4,2.08276,0.48375,0.5,fedasync,3
5,2.47494,0.43375,0.5,fedasync,3
6,1.69451,0.5,0.5,fedasync,3
7,2.27535,0.405,0.5,fedasync,3
8,1.75933,0.37375,0.5,fedasync,3
9,2.59569,0.29375,0.5,fedasync,3
10,1.3892,0.53125,0.5,fedasync,3
11,1.98609,0.47375,0.5,fedasync,3
12,1.80057,0.46375,0.5,fedasync,3
13,1.49834,0.49625,0.5,fedasync,3
14,1.83951,0.4075,0.5,fedasync,3
15,2.55356,0.3225,0.5,fedasync,3
16,1.40937,0.5225,0.5,fedasync,3
17,1.7482,0.46875,0.5,fedasync,3
18,1.84875,0.46625,0.5,fedasync,3
19,1.47793,0.54125,0.5,fedasync,3
20,1.27869,0.625,0.5,fedasync,3
21,1.08096,0.635,0.5,fedasync,3
22,1.61971,0.54,0.5,fedasync,3
23,1.57051,0.58125,0.5,fedasync,3
24,1.47638,0.57625,0.5,fedasync,3
25,1.60186,0.6,0.5,fedasync,3
26,2.04354,0.55375,0.5,fedasync,3
27,1.70041,0.57625,0.5,fedasync,3
28,2.5863,0.4525,0.5,fedasync,3
29,3.34758,0.38875,0.5,fedasync,3
30,1.67098,0.56375,0.5,fedasync,3
31,1.60193,0.64125,0.5,fedasync,3
32,1.39298,0.59625,0.5,fedasync,3
33,1.22971,0.65625,0.5,fedasync,3
34,1.48241,0.58625,0.5,fedasync,3
35,2.33374,0.42,0.5,fedasync,3
36,2.91361,0.35375,0.5,fedasync,3
37,3.3017,0.31125,0.5,fedasync,3
38,1.65071,0.5275,0.5,fedasync,3
39,1.56006,0.5725,0.5,fedasync,3
40,1.39631,0.62125,0.5,fedasync,3
41,1.92651,0.57625,0.5,fedasync,3
42,2.79484,0.4775,0.5,fedasync,3
43,3.42888,0.42875,0.5,fedasync,3
44,3.85022,0.4,0.5,fedasync,3
45,1.54108,0.60625,0.5,fedasync,3
46,2.30126,0.52,0.5,fedasync,3
47,1.3459,0.595,0.5,fedasync,3
48,1.63148,0.58375,0.5,fedasync,3
49,1.67269,0.54625,0.5,fedasync,3
50,1.87118,0.5725,0.5,fedasync,3
51,1.86192,0.5275,0.5,fedasync,3
52,1.07514,0.68,0.5,fedasync,3
53,1.65759,0.545,0.5,fedasync,3
54,2.29881,0.45625,0.5,fedasync,3
55,2.75669,0.4125,0.5,fedasync,3
56,1.61799,0.55375,0.5,fedasync,3
57,1.3064,0.615,0.5,fedasync,3
58,1.03312,0.70625,0.5,fedasync,3
59,1.11534,0.6675,0.5,fedasync,3
60,1.09768,0.68625,0.5,fedasync,3
61,1.27128,0.68375,0.5,fedasync,3
62,1.1487,0.6525,0.5,fedasync,3
63,1.29697,0.67375,0.5,fedasync,3
64,1.93896,0.57125,0.5,fedasync,3
65,1.2287,0.6625,0.5,fedasync,3
66,1.36432,0.6475,0.5,fedasync,3
67,1.38382,0.6775,0.5,fedasync,3
68,1.01597,0.7075,0.5,fedasync,3
69,1.36464,0.6475,0.5,fedasync,3
70,2.35208,0.54125,0.5,fedasync,3
71,1.29699,0.65875,0.5,fedasync,3
72,1.94304,0.57125,0.5,fedasync,3
73,1.06524,0.68,0.5,fedasync,3
74,1.29583,0.665,0.5,fedasync,3
75,1.20189,0.6975,0.5,fedasync,3
76,1.62359,0.6475,0.5,fedasync,3
77,1.08307,0.7,0.5,fedasync,3
78,1.02374,0.70875,0.5,fedasync,3
79,1.11974,0.69375,0.5,fedasync,3
80,1.11309,0.69875,0.5,fedasync,3
81,1.31825,0.7,0.5,fedasync,3
82,1.05197,0.735,0.5,fedasync,3
83,1.19381,0.695,0.5,fedasync,3
84,1.42839,0.665,0.5,fedasync,3
85,1.38264,0.6925,0.5,fedasync,3
86,1.26087,0.69375,0.5,fedasync,3
87,1.70625,0.63875,0.5,fedasync,3
88,2.43606,0.55125,0.5,fedasync,3
89,1.15043,0.72,0.5,fedasync,3
90,1.73852,0.63125,0.5,fedasync,3
91,1.17267,0.71375,0.5,fedasync,3
92,1.2865,0.6875,0.5,fedasync,3
93,1.37136,0.68625,0.5,fedasync,3
94,1.35762,0.68125,0.5,fedasync,3
95,1.36635,0.68625,0.5,fedasync,3
96,1.3062,0.7375,0.5,fedasync,3
97,1.43857,0.70375,0.5,fedasync,3
98,1.56375,0.7075,0.5,fedasync,3
99,1.88168,0.63625,0.5,fedasync,3
100,1.48873,0.69375,0.5,fedasync,3
101,1.35243,0.71625,0.5,fedasync,3
102,2.07066,0.60875,0.5,fedasync,3
103,0.85983,0.73125,0.5,fedasync,3
104,1.05467,0.64375,0.5,fedasync,3
105,1.06745,0.6425,0.5,fedasync,3
106,0.97388,0.6875,0.5,fedasync,3
107,0.98015,0.6975,0.5,fedasync,3
108,0.88517,0.7375,0.5,fedasync,3
109,0.95583,0.72875,0.5,fedasync,3
110,1.46612,0.64375,0.5,fedasync,3
111,1.20988,0.675,0.5,fedasync,3
112,0.9235,0.7425,0.5,fedasync,3
113,1.58262,0.64,0.5,fedasync,3
114,1.13449,0.715,0.5,fedasync,3
115,1.74738,0.63125,0.5,fedasync,3
116,1.21636,0.72,0.5,fedasync,3
117,1.50428,0.69625,0.5,fedasync,3
118,1.57516,0.66375,0.5,fedasync,3
119,2.04632,0.61625,0.5,fedasync,3
120,1.2888,0.70375,0.5,fedasync,3
121,0.86259,0.76,0.5,fedasync,3
122,1.00977,0.74125,0.5,fedasync,3
123,0.9485,0.7525,0.5,fedasync,3
124,1.25475,0.7075,0.5,fedasync,3
125,0.99085,0.745,0.5,fedasync,3
126,1.0369,0.725,0.5,fedasync,3
127,1.01953,0.74125,0.5,fedasync,3
128,1.13526,0.71625,0.5,fedasync,3
129,1.04605,0.73625,0.5,fedasync,3
130,1.1805,0.705,0.5,fedasync,3
131,1.25789,0.69,0.5,fedasync,3
132,1.6679,0.62875,0.5,fedasync,3
133,1.43255,0.67625,0.5,fedasync,3
134,1.9409,0.60625,0.5,fedasync,3
135,0.95528,0.755,0.5,fedasync,3
136,0.77853,0.79125,0.5,fedasync,3
137,1.13013,0.715,0.5,fedasync,3
138,0.95184,0.725,0.5,fedasync,3
139,1.32107,0.68625,0.5,fedasync,3
140,1.01462,0.74,0.5,fedasync,3
141,1.33933,0.70375,0.5,fedasync,3
142,0.97108,0.76125,0.5,fedasync,3
143,0.85433,0.7775,0.5,fedasync,3
144,0.95574,0.75,0.5,fedasync,3
145,0.91422,0.7675,0.5,fedasync,3
146,0.92771,0.75,0.5,fedasync,3
147,1.00193,0.74625,0.5,fedasync,3
148,0.97651,0.74125,0.5,fedasync,3
149,0.7518,0.79875,0.5,fedasync,3
150,0.86444,0.77875,0.5,fedasync,3
1,3.78597,0.25875,0.9,fedasync,3
2,3.77495,0.23,0.9,fedasync,3
3,3.87353,0.29125,0.9,fedasync,3
4,3.1906,0.43125,0.9,fedasync,3
5,3.27777,0.40125,0.9,fedasync,3
6,2.8658,0.3775,0.9,fedasync,3
7,3.69258,0.34625,0.9,fedasync,3
8,2.4444,0.2925,0.9,fedasync,3
9,2.4149,0.25375,0.9,fedasync,3
10,2.79807,0.4625,0.9,fedasync,3
11,3.67346,0.43875,0.9,fedasync,3
12,2.4804,0.3225,0.9,fedasync,3
13,3.12345,0.38125,0.9,fedasync,3
14,3.08325,0.2625,0.9,fedasync,3
15,4.0486,0.25375,0.9,fedasync,3
16,3.2255,0.37875,0.9,fedasync,3
17,2.68062,0.31125,0.9,fedasync,3
18,3.18292,0.4025,0.9,fedasync,3
19,3.20465,0.40375,0.9,fedasync,3
20,3.56743,0.46875,0.9,fedasync,3
21,3.57494,0.45,0.9,fedasync,3
22,4.33519,0.3775,0.9,fedasync,3
23,3.79739,0.4325,0.9,fedasync,3
24,4.87879,0.315,0.9,fedasync,3
25,2.89035,0.52625,0.9,fedasync,3
26,4.01111,0.42625,0.9,fedasync,3
27,5.07145,0.395,0.9,fedasync,3
28,5.36587,0.35875,0.9,fedasync,3
29,6.17175,0.34125,0.9,fedasync,3
30,3.6941,0.46875,0.9,fedasync,3
31,2.8949,0.495,0.9,fedasync,3
32,4.32143,0.37125,0.9,fedasync,3
33,3.027,0.5075,0.9,fedasync,3
34,2.27537,0.3875,0.9,fedasync,3
35,2.9769,0.39125,0.9,fedasync,3
36,3.63025,0.36125,0.9,fedasync,3
37,4.18798,0.34375,0.9,fedasync,3
38,3.39106,0.3775,0.9,fedasync,3
39,4.68169,0.37625,0.9,fedasync,3
40,3.32225,0.445,0.9,fedasync,3
41,4.25849,0.39625,0.9,fedasync,3
42,4.98136,0.41,0.9,fedasync,3
43,5.43406,0.4,0.9,fedasync,3
44,5.6734,0.3975,0.9,fedasync,3
45,3.0029,0.52875,0.9,fedasync,3
46,3.79744,0.5025,0.9,fedasync,3
47,2.33496,0.41,0.9,fedasync,3
48,3.46555,0.4575,0.9,fedasync,3
49,2.48258,0.42375,0.9,fedasync,3
50,3.37922,0.46125,0.9,fedasync,3
51,2.45976,0.415,0.9,fedasync,3
52,3.10385,0.47875,0.9,fedasync,3
53,2.429,0.44875,0.9,fedasync,3
54,2.79712,0.42375,0.9,fedasync,3
55,2.99175,0.4175,0.9,fedasync,3
56,3.16402,0.4425,0.9,fedasync,3
57,3.74157,0.45,0.9,fedasync,3
58,3.11671,0.52,0.9,fedasync,3
59,2.26549,0.54,0.9,fedasync,3
60,3.08741,0.49375,0.9,fedasync,3
61,3.36179,0.57875,0.9,fedasync,3
62,2.62882,0.545,0.9,fedasync,3
63,2.47681,0.52875,0.9,fedasync,3
64,3.38915,0.4725,0.9,fedasync,3
65,2.93551,0.53625,0.9,fedasync,3
66,2.6658,0.5525,0.9,fedasync,3
67,2.8096,0.625,0.9,fedasync,3
68,2.6335,0.5575,0.9,fedasync,3
69,3.0636,0.52125,0.9,fedasync,3
70,3.1903,0.50375,0.9,fedasync,3
71,2.77178,0.55375,0.9,fedasync,3
72,2.96718,0.5475,0.9,fedasync,3
73,1.82683,0.555,0.9,fedasync,3
74,2.89722,0.52375,0.9,fedasync,3
75,2.6964,0.60875,0.9,fedasync,3
76,2.88803,0.60625,0.9,fedasync,3
77,2.4355,0.58,0.9,fedasync,3
78,1.83153,0.58625,0.9,fedasync,3
79,2.64856,0.55,0.9,fedasync,3
80,3.17459,0.545,0.9,fedasync,3
81,2.95804,0.59625,0.9,fedasync,3
82,2.27207,0.62875,0.9,fedasync,3
83,2.34474,0.62625,0.9,fedasync,3
84,2.63227,0.58125,0.9,fedasync,3
85,2.37125,0.65625,0.9,fedasync,3
86,2.19404,0.64625,0.9,fedasync,3
87,2.70757,0.58875,0.9,fedasync,3
88,3.0652,0.57,0.9,fedasync,3
89,2.6314,0.59125,0.9,fedasync,3
90,2.88255,0.56625,0.9,fedasync,3
91,2.50257,0.6225,0.9,fedasync,3
92,2.59916,0.6125,0.9,fedasync,3
93,2.57844,0.58625,0.9,fedasync,3
94,2.67525,0.59875,0.9,fedasync,3
95,2.83892,0.575,0.9,fedasync,3
96,2.10026,0.71875,0.9,fedasync,3
97,2.6232,0.61875,0.9,fedasync,3
98,2.33454,0.68875,0.9,fedasync,3
99,2.66552,0.60875,0.9,fedasync,3
100,2.42879,0.63375,0.9,fedasync,3
101,2.95733,0.5975,0.9,fedasync,3
102,3.10235,0.58125,0.9,fedasync,3
103,1.65517,0.61375,0.9,fedasync,3
104,2.0215,0.57125,0.9,fedasync,3
105,2.75785,0.5425,0.9,fedasync,3
106,2.69318,0.57625,0.9,fedasync,3
107,2.26239,0.6425,0.9,fedasync,3
108,2.24955,0.635,0.9,fedasync,3
109,1.83598,0.69,0.9,fedasync,3
110,2.25045,0.64125,0.9,fedasync,3
111,1.91207,0.6775,0.9,fedasync,3
112,3.09291,0.58,0.9,fedasync,3
113,3.12248,0.57375,0.9,fedasync,3
114,2.19359,0.67875,0.9,fedasync,3
115,2.83081,0.605,0.9,fedasync,3
116,1.90255,0.72625,0.9,fedasync,3
117,2.1681,0.7225,0.9,fedasync,3
118,2.53154,0.6425,0.9,fedasync,3
119,2.66778,0.6275,0.9,fedasync,3
120,2.03574,0.7075,0.9,fedasync,3
121,1.49094,0.64125,0.9,fedasync,3
122,2.2621,0.625,0.9,fedasync,3
123,1.98807,0.69375,0.9,fedasync,3
124,2.16203,0.64625,0.9,fedasync,3
125,1.74878,0.71375,0.9,fedasync,3
126,1.61636,0.63125,0.9,fedasync,3
127,2.24848,0.6225,0.9,fedasync,3
128,2.23755,0.63125,0.9,fedasync,3
129,2.14123,0.66125,0.9,fedasync,3
130,1.58296,0.65,0.9,fedasync,3
131,1.87999,0.66875,0.9,fedasync,3
132,2.17202,0.64625,0.9,fedasync,3
133,1.59928,0.64875,0.9,fedasync,3
134,1.8026,0.62375,0.9,fedasync,3
135,2.16013,0.6325,0.9,fedasync,3
136,1.73549,0.67625,0.9,fedasync,3
137,2.07558,0.6525,0.9,fedasync,3
138,1.57001,0.66875,0.9,fedasync,3
139,1.90478,0.655,0.9,fedasync,3
140,1.67411,0.72625,0.9,fedasync,3
141,1.76458,0.71875,0.9,fedasync,3
142,1.86797,0.685,0.9,fedasync,3
143,1.69261,0.7225,0.9,fedasync,3
144,1.78308,0.71,0.9,fedasync,3
145,1.41305,0.70625,0.9,fedasync,3
146,1.44126,0.7325,0.9,fedasync,3
147,2.11066,0.66625,0.9,fedasync,3
148,1.45527,0.69,0.9,fedasync,3
149,1.85641,0.655,0.9,fedasync,3
150,1.73389,0.7,0.9,fedasync,3
1,3.75131,0.21625,,afl,4
2,2.60345,0.31625,,afl,4
3,2.06502,0.38875,,afl,4
4,2.28032,0.35625,,afl,4
5,2.31788,0.38125,,afl,4
6,2.36843,0.42,,afl,4
7,2.48611,0.40125,,afl,4
8,2.1379,0.405,,afl,4
9,2.04521,0.41125,,afl,4
10,2.14019,0.39625,,afl,4
11,1.98354,0.405,,afl,4
12,1.85358,0.4075,,afl,4
13,1.74286,0.4125,,afl,4
14,1.66249,0.4625,,afl,4
15,1.60429,0.515,,afl,4
16,1.64823,0.495,,afl,4
17,1.63277,0.49875,,afl,4
18,1.6196,0.49875,,afl,4
19,1.6142,0.5075,,afl,4
20,1.61531,0.4975,,afl,4
21,1.57615,0.53625,,afl,4
22,1.51951,0.5375,,afl,4
23,1.51282,0.54875,,afl,4
24,1.51385,0.5525,,afl,4
25,1.4638,0.55125,,afl,4
26,1.4193,0.55375,,afl,4
27,1.41589,0.55625,,afl,4
28,1.41688,0.55375,,afl,4
29,1.43411,0.55125,,afl,4
30,1.39609,0.5575,,afl,4
31,1.37589,0.57,,afl,4
32,1.39244,0.5625,,afl,4
33,1.40971,0.55875,,afl,4
34,1.42783,0.5525,,afl,4
35,1.42418,0.5525,,afl,4
36,1.38822,0.5575,,afl,4
37,1.37101,0.57125,,afl,4
38,1.35728,0.5825,,afl,4
39,1.35742,0.58875,,afl,4
40,1.35415,0.59,,afl,4
41,1.35527,0.5875,,afl,4
42,1.34504,0.59125,,afl,4
43,1.33722,0.5975,,afl,4
44,1.33204,0.5975,,afl,4
45,1.30521,0.59625,,afl,4
46,1.31656,0.5975,,afl,4
47,1.32836,0.59,,afl,4
48,1.32236,0.5975,,afl,4
49,1.29761,0.59625,,afl,4
50,1.30973,0.59125,,afl,4
51,1.30628,0.595,,afl,4
52,1.30589,0.595,,afl,4
53,1.30466,0.5975,,afl,4
54,1.30439,0.59375,,afl,4
55,1.3053,0.59375,,afl,4
56,1.28348,0.595,,afl,4
57,1.26301,0.59625,,afl,4
58,1.24353,0.595,,afl,4
59,1.24501,0.5975,,afl,4
60,1.24749,0.59625,,afl,4
61,1.24174,0.59875,,afl,4
62,1.23727,0.60125,,afl,4
63,1.24569,0.5975,,afl,4
64,1.24094,0.6025,,afl,4
65,1.22298,0.6025,,afl,4
66,1.21902,0.6075,,afl,4
67,1.20159,0.6075,,afl,4
68,1.1986,0.6075,,afl,4
69,1.19661,0.60125,,afl,4
70,1.19892,0.6,,afl,4
71,1.19504,0.6025,,afl,4
72,1.19726,0.59875,,afl,4
73,1.20423,0.6,,afl,4
74,1.20273,0.5975,,afl,4
75,1.18654,0.605,,afl,4
76,1.18569,0.6025,,afl,4
77,1.19215,0.60125,,afl,4
78,1.19885,0.6025,,afl,4
79,1.18339,0.6075,,afl,4
80,1.18268,0.60375,,afl,4
81,1.18914,0.60625,,afl,4
82,1.18887,0.6025,,afl,4
83,1.18917,0.60375,,afl,4
84,1.19009,0.605,,afl,4
85,1.19185,0.6,,afl,4
86,1.19751,0.60125,,afl,4
87,1.1827,0.6075,,afl,4
88,1.18467,0.6075,,afl,4
89,1.18032,0.6025,,afl,4
90,1.18118,0.60375,,afl,4
91,1.18661,0.60375,,afl,4
92,1.1823,0.605,,afl,4
93,1.18795,0.605,,afl,4
94,1.18869,0.6025,,afl,4
95,1.19429,0.60375,,afl,4
96,1.20001,0.6025,,afl,4
97,1.20083,0.605,,afl,4
98,1.1962,0.60375,,afl,4
99,1.19222,0.60375,,afl,4
100,1.18964,0.605,,afl,4
101,1.19042,0.61,,afl,4
102,1.17738,0.6125,,afl,4
103,1.18266,0.61,,afl,4
104,1.18355,0.61,,afl,4
105,1.171,0.61375,,afl,4
106,1.16805,0.61625,,afl,4
107,1.15616,0.61875,,afl,4
108,1.15415,0.6175,,afl,4
109,1.15918,0.61625,,afl,4
110,1.15976,0.6175,,afl,4
111,1.14845,0.62,,afl,4
112,1.13755,0.62,,afl,4
113,1.13531,0.62125,,afl,4
114,1.12499,0.62375,,afl,4
115,1.12553,0.6225,,afl,4
116,1.12525,0.62125,,afl,4
117,1.12609,0.6225,,afl,4
118,1.12393,0.62375,,afl,4
119,1.12492,0.6225,,afl,4
120,1.12308,0.62375,,afl,4
121,1.1242,0.6225,,afl,4
122,1.12827,0.6225,,afl,4
123,1.1268,0.62375,,afl,4
124,1.12633,0.62375,,afl,4
125,1.13044,0.62375,,afl,4
126,1.12878,0.62625,,afl,4
127,1.12836,0.62375,,afl,4
128,1.1325,0.62375,,afl,4
129,1.13225,0.6225,,afl,4
130,1.13645,0.62125,,afl,4
131,1.13637,0.6225,,afl,4
132,1.13652,0.62125,,afl,4
133,1.12678,0.625,,afl,4
134,1.12738,0.62375,,afl,4
135,1.13137,0.62125,,afl,4
136,1.13165,0.6225,,afl,4
137,1.13212,0.625,,afl,4
138,1.13287,0.62375,,afl,4
139,1.1367,0.62375,,afl,4
140,1.14059,0.6225,,afl,4
141,1.13121,0.625,,afl,4
142,1.13514,0.62625,,afl,4
143,1.1391,0.62375,,afl,4
144,1.13966,0.6225,,afl,4
145,1.14041,0.62125,,afl,4
146,1.13125,0.62375,,afl,4
147,1.13168,0.62125,,afl,4
148,1.12926,0.625,,afl,4
149,1.13299,0.625,,afl,4
150,1.13112,0.62625,,afl,4
1,2.38007,0.13375,0.1,fedasync,4
2,2.32176,0.14375,0.1,fedasync,4
3,2.28996,0.19625,0.1,fedasync,4
4,2.25557,0.2375,0.1,fedasync,4
5,2.21348,0.2825,0.1,fedasync,4
6,2.17636,0.3225,0.1,fedasync,4
7,2.15874,0.30375,0.1,fedasync,4
8,2.05521,0.35125,0.1,fedasync,4
9,1.99993,0.41125,0.1,fedasync,4
10,1.98549,0.365,0.1,fedasync,4
11,1.91987,0.47375,0.1,fedasync,4
12,1.84828,0.48625,0.1,fedasync,4
13,1.77905,0.4925,0.1,fedasync,4
14,1.75611,0.45875,0.1,fedasync,4
15,1.76912,0.39125,0.1,fedasync,4
16,1.72222,0.45875,0.1,fedasync,4
17,1.69115,0.49625,0.1,fedasync,4
18,1.61966,0.515,0.1,fedasync,4
19,1.60888,0.52625,0.1,fedasync,4
20,1.5495,0.54125,0.1,fedasync,4
21,1.54177,0.53625,0.1,fedasync,4
22,1.4612,0.53,0.1,fedasync,4
23,1.45688,0.5475,0.1,fedasync,4
24,1.49696,0.54125,0.1,fedasync,4
25,1.41063,0.57125,0.1,fedasync,4
26,1.35075,0.5975,0.1,fedasync,4
27,1.26004,0.6275,0.1,fedasync,4
28,1.2706,0.61,0.1,fedasync,4
29,1.27774,0.60125,0.1,fedasync,4
30,1.21849,0.6325,0.1,fedasync,4
31,1.20612,0.64,0.1,fedasync,4
32,1.21746,0.61375,0.1,fedasync,4
33,1.26657,0.58875,0.1,fedasync,4
34,1.34456,0.57375,0.1,fedasync,4
35,1.27341,0.59125,0.1,fedasync,4
36,1.19182,0.61125,0.1,fedasync,4
37,1.15026,0.61625,0.1,fedasync,4
38,1.14859,0.62125,0.1,fedasync,4
39,1.14802,0.63125,0.1,fedasync,4
40,1.08222,0.645,0.1,fedasync,4
41,1.09911,0.63625,0.1,fedasync,4
42,1.11677,0.625,0.1,fedasync,4
43,1.17333,0.59875,0.1,fedasync,4
44,1.26222,0.56625,0.1,fedasync,4
45,1.14551,0.615,0.1,fedasync,4
46,1.13325,0.6175,0.1,fedasync,4
47,1.16644,0.62125,0.1,fedasync,4
48,1.06739,0.6475,0.1,fedasync,4
49,0.99248,0.66,0.1,fedasync,4
50,1.05537,0.64875,0.1,fedasync,4
51,1.02362,0.68,0.1,fedasync,4
52,1.00541,0.67375,0.1,fedasync,4
53,0.98252,0.7025,0.1,fedasync,4
54,0.97814,0.6875,0.1,fedasync,4
55,1.0103,0.66,0.1,fedasync,4
56,0.91424,0.69625,0.1,fedasync,4
57,0.86058,0.7175,0.1,fedasync,4
58,0.84019,0.735,0.1,fedasync,4
59,0.87317,0.7175,0.1,fedasync,4
60,0.93544,0.695,0.1,fedasync,4
61,0.9471,0.7025,0.1,fedasync,4
62,0.98755,0.68375,0.1,fedasync,4
63,0.97689,0.6925,0.1,fedasync,4
64,0.84383,0.72,0.1,fedasync,4
65,0.79526,0.7475,0.1,fedasync,4
66,0.82973,0.7275,0.1,fedasync,4
67,0.80486,0.74375,0.1,fedasync,4
68,0.86454,0.71,0.1,fedasync,4
69,0.95207,0.68,0.1,fedasync,4
70,0.96404,0.66875,0.1,fedasync,4
71,0.79427,0.73125,0.1,fedasync,4
72,0.83659,0.7125,0.1,fedasync,4
73,0.835,0.715,0.1,fedasync,4
74,0.88947,0.68375,0.1,fedasync,4
75,0.81812,0.715,0.1,fedasync,4
76,0.8967,0.685,0.1,fedasync,4
77,0.8747,0.695,0.1,fedasync,4
78,0.90093,0.685,0.1,fedasync,4
79,0.81654,0.7325,0.1,fedasync,4
80,0.87363,0.7025,0.1,fedasync,4
81,0.89637,0.68875,0.1,fedasync,4
82,0.95645,0.6725,0.1,fedasync,4
83,1.04516,0.63625,0.1,fedasync,4
84,1.16148,0.59875,0.1,fedasync,4
85,1.13497,0.61875,0.1,fedasync,4
86,1.10574,0.63125,0.1,fedasync,4
87,0.96736,0.68,0.1,fedasync,4
88,0.9948,0.675,0.1,fedasync,4
89,0.81426,0.71375,0.1,fedasync,4
90,0.87507,0.69,0.1,fedasync,4
91,0.89498,0.68625,0.1,fedasync,4
92,0.80558,0.74125,0.1,fedasync,4
93,0.87029,0.73375,0.1,fedasync,4
94,0.88538,0.71625,0.1,fedasync,4
95,0.94857,0.70125,0.1,fedasync,4
96,1.03004,0.695,0.1,fedasync,4
97,1.0267,0.685,0.1,fedasync,4
98,0.94725,0.7325,0.1,fedasync,4
99,0.94395,0.72875,0.1,fedasync,4
100,0.97828,0.715,0.1,fedasync,4
101,0.94804,0.72375,0.1,fedasync,4
102,0.8075,0.75125,0.1,fedasync,4
103,0.86654,0.75,0.1,fedasync,4
104,0.87306,0.74375,0.1,fedasync,4
105,0.7674,0.7575,0.1,fedasync,4
106,0.78231,0.74875,0.1,fedasync,4
107,0.71668,0.77125,0.1,fedasync,4
108,0.76127,0.74875,0.1,fedasync,4
109,0.80901,0.74625,0.1,fedasync,4
110,0.78608,0.7525,0.1,fedasync,4
111,0.72304,0.77,0.1,fedasync,4
112,0.69713,0.77625,0.1,fedasync,4
113,0.72407,0.76125,0.1,fedasync,4
114,0.71455,0.7625,0.1,fedasync,4
115,0.71527,0.7725,0.1,fedasync,4
116,0.64704,0.8,0.1,fedasync,4
117,0.69398,0.78125,0.1,fedasync,4
118,0.67276,0.795,0.1,fedasync,4
119,0.71997,0.77125,0.1,fedasync,4
120,0.71236,0.77875,0.1,fedasync,4
121,0.75915,0.7625,0.1,fedasync,4
122,0.75324,0.76,0.1,fedasync,4
123,0.76852,0.7525,0.1,fedasync,4
124,0.70532,0.7825,0.1,fedasync,4
125,0.75389,0.77375,0.1,fedasync,4
126,0.78838,0.7475,0.1,fedasync,4
127,0.73927,0.77125,0.1,fedasync,4
128,0.80818,0.7525,0.1,fedasync,4
129,0.7863,0.76375,0.1,fedasync,4
130,0.86279,0.755,0.1,fedasync,4
131,0.86131,0.735,0.1,fedasync,4
132,0.89281,0.71875,0.1,fedasync,4
133,0.7352,0.75125,0.1,fedasync,4
134,0.73604,0.74875,0.1,fedasync,4
135,0.7858,0.74125,0.1,fedasync,4
136,0.82826,0.7175,0.1,fedasync,4
137,0.89492,0.695,0.1,fedasync,4
138,0.90076,0.69125,0.1,fedasync,4
139,0.924,0.69875,0.1,fedasync,4
140,0.97317,0.7,0.1,fedasync,4
141,0.79359,0.73625,0.1,fedasync,4
142,0.85951,0.7325,0.1,fedasync,4
143,0.93836,0.72125,0.1,fedasync,4
144,0.90579,0.7225,0.1,fedasync,4
145,0.91824,0.70875,0.1,fedasync,4
146,0.77769,0.7425,0.1,fedasync,4
147,0.80384,0.73625,0.1,fedasync,4
148,0.69084,0.77,0.1,fedasync,4
149,0.75349,0.75625,0.1,fedasync,4
150,0.73906,0.7775,0.1,fedasync,4
1,2.39473,0.2,0.5,fedasync,4
2,2.60451,0.23125,0.5,fedasync,4
3,2.0756,0.39875,0.5,fedasync,4
4,2.36716,0.285,0.5,fedasync,4
5,2.54439,0.37,0.5,fedasync,4
6,3.21867,0.38,0.5,fedasync,4
7,3.03565,0.39375,0.5,fedasync,4
8,1.73913,0.5575,0.5,fedasync,4
9,1.91165,0.5025,0.5,fedasync,4
10,2.11437,0.50875,0.5,fedasync,4
11,2.09794,0.505,0.5,fedasync,4
12,1.29121,0.60375,0.5,fedasync,4
13,1.84074,0.3875,0.5,fedasync,4
14,1.97326,0.40375,0.5,fedasync,4
15,2.90414,0.2825,0.5,fedasync,4
16,1.53582,0.56875,0.5,fedasync,4
17,1.48922,0.5875,0.5,fedasync,4
18,1.20256,0.6375,0.5,fedasync,4
19,1.41987,0.55125,0.5,fedasync,4
20,1.4906,0.5925,0.5,fedasync,4
21,1.48809,0.5725,0.5,fedasync,4
22,1.08588,0.64125,0.5,fedasync,4
23,1.1721,0.65125,0.5,fedasync,4
24,1.87241,0.52375,0.5,fedasync,4
25,1.17329,0.63625,0.5,fedasync,4
26,1.73267,0.50125,0.5,fedasync,4
27,0.93639,0.6725,0.5,fedasync,4
28,0.89432,0.70125,0.5,fedasync,4
29,1.16538,0.65875,0.5,fedasync,4
30,0.76288,0.73875,0.5,fedasync,4
31,0.99347,0.67625,0.5,fedasync,4
32,1.03365,0.70125,0.5,fedasync,4
33,1.6122,0.64,0.5,fedasync,4
34,2.03987,0.59,0.5,fedasync,4
35,1.55829,0.63875,0.5,fedasync,4
36,0.82805,0.715,0.5,fedasync,4
37,1.09795,0.66125,0.5,fedasync,4
38,1.81017,0.5325,0.5,fedasync,4
39,1.01608,0.68,0.5,fedasync,4
40,0.83465,0.72875,0.5,fedasync,4
41,1.0939,0.655,0.5,fedasync,4
42,1.10237,0.66125,0.5,fedasync,4
43,1.82755,0.5525,0.5,fedasync,4
44,2.33902,0.505,0.5,fedasync,4
45,1.07697,0.6775,0.5,fedasync,4
46,0.96904,0.74125,0.5,fedasync,4
47,1.50073,0.685,0.5,fedasync,4
48,1.3873,0.6775,0.5,fedasync,4
49,0.8373,0.7375,0.5,fedasync,4
50,1.02647,0.73125,0.5,fedasync,4
51,1.35112,0.65125,0.5,fedasync,4
52,0.92872,0.71125,0.5,fedasync,4
53,1.12641,0.6925,0.5,fedasync,4
54,1.12553,0.66625,0.5,fedasync,4
55,1.69607,0.5675,0.5,fedasync,4
56,0.75664,0.76375,0.5,fedasync,4
57,1.42338,0.61625,0.5,fedasync,4
58,1.97255,0.53125,0.5,fedasync,4
59,1.07109,0.68375,0.5,fedasync,4
60,1.56993,0.615,0.5,fedasync,4
61,1.20808,0.67,0.5,fedasync,4
62,1.80843,0.56125,0.5,fedasync,4
63,1.0621,0.71625,0.5,fedasync,4
64,0.99264,0.73125,0.5,fedasync,4
65,0.77583,0.76625,0.5,fedasync,4
66,0.89657,0.7425,0.5,fedasync,4
67,1.28006,0.67375,0.5,fedasync,4
68,1.34483,0.6475,0.5,fedasync,4
69,1.75227,0.59125,0.5,fedasync,4
70,1.12179,0.70375,0.5,fedasync,4
71,0.67688,0.79,0.5,fedasync,4
72,0.96488,0.69125,0.5,fedasync,4
73,1.14662,0.71625,0.5,fedasync,4
74,1.07273,0.7075,0.5,fedasync,4
75,0.7885,0.75625,0.5,fedasync,4
76,1.16308,0.69,0.5,fedasync,4
77,0.94237,0.76125,0.5,fedasync,4
78,1.36619,0.72375,0.5,fedasync,4
79,0.89093,0.75125,0.5,fedasync,4
80,1.05137,0.71625,0.5,fedasync,4
81,1.07381,0.7375,0.5,fedasync,4
82,1.25258,0.6925,0.5,fedasync,4
83,1.66165,0.61875,0.5,fedasync,4
84,1.94253,0.5875,0.5,fedasync,4
85,1.39145,0.67125,0.5,fedasync,4
86,1.3475,0.7025,0.5,fedasync,4
87,0.8683,0.76875,0.5,fedasync,4
88,1.11508,0.715,0.5,fedasync,4
89,0.69253,0.77875,0.5,fedasync,4
90,0.76283,0.78875,0.5,fedasync,4
91,1.01863,0.76,0.5,fedasync,4
92,1.25207,0.7,0.5,fedasync,4
93,1.3888,0.7125,0.5,fedasync,4
94,1.12249,0.73875,0.5,fedasync,4
95,1.3213,0.73875,0.5,fedasync,4
96,1.53345,0.71625,0.5,fedasync,4
97,1.38656,0.7225,0.5,fedasync,4
98,1.28671,0.7,0.5,fedasync,4
99,1.76807,0.62375,0.5,fedasync,4
100,2.13479,0.5775,0.5,fedasync,4
101,1.79289,0.61875,0.5,fedasync,4
102,0.89095,0.7575,0.5,fedasync,4
103,1.05735,0.75,0.5,fedasync,4
104,1.19255,0.7225,0.5,fedasync,4
105,1.03426,0.71375,0.5,fedasync,4
106,0.74626,0.785,0.5,fedasync,4
107,1.27051,0.685,0.5,fedasync,4
108,1.00538,0.73375,0.5,fedasync,4
109,0.96437,0.76375,0.5,fedasync,4
110,0.80712,0.78625,0.5,fedasync,4
111,0.80629,0.77,0.5,fedasync,4
112,1.37274,0.67625,0.5,fedasync,4
113,0.91906,0.75125,0.5,fedasync,4
114,1.01549,0.73375,0.5,fedasync,4
115,0.84954,0.765,0.5,fedasync,4
116,0.79205,0.7775,0.5,fedasync,4
117,0.91356,0.77125,0.5,fedasync,4
118,0.71448,0.7975,0.5,fedasync,4
119,0.82493,0.77375,0.5,fedasync,4
120,0.95674,0.73875,0.5,fedasync,4
121,0.95657,0.73375,0.5,fedasync,4
122,1.03099,0.75125,0.5,fedasync,4
123,1.13339,0.71875,0.5,fedasync,4
124,0.78814,0.77375,0.5,fedasync,4
125,1.04139,0.7725,0.5,fedasync,4
126,1.1921,0.72125,0.5,fedasync,4
127,0.98999,0.7425,0.5,fedasync,4
128,1.13659,0.76625,0.5,fedasync,4
129,1.33566,0.69875,0.5,fedasync,4
130,1.3155,0.74625,0.5,fedasync,4
131,1.50507,0.68625,0.5,fedasync,4
132,1.8708,0.6275,0.5,fedasync,4
133,0.73119,0.8125,0.5,fedasync,4
134,0.71181,0.8175,0.5,fedasync,4
135,0.84907,0.7925,0.5,fedasync,4
136,1.01932,0.7675,0.5,fedasync,4
137,1.41935,0.7025,0.5,fedasync,4
138,1.06651,0.75375,0.5,fedasync,4
139,1.19465,0.7625,0.5,fedasync,4
140,1.41526,0.75875,0.5,fedasync,4
141,0.8408,0.79125,0.5,fedasync,4
142,0.86272,0.8,0.5,fedasync,4
143,1.18847,0.77875,0.5,fedasync,4
144,1.04163,0.7725,0.5,fedasync,4
145,1.17877,0.74625,0.5,fedasync,4
146,1.00513,0.7525,0.5,fedasync,4
147,0.88592,0.77875,0.5,fedasync,4
148,0.58746,0.81875,0.5,fedasync,4
149,0.87649,0.78625,0.5,fedasync,4
150,1.1309,0.73,0.5,fedasync,4
1,3.35654,0.2175,0.9,fedasync,4
2,5.14573,0.19,0.9,fedasync,4
3,3.17029,0.37375,0.9,fedasync,4
4,3.49216,0.26,0.9,fedasync,4
5,3.78584,0.38125,0.9,fedasync,4
6,4.56128,0.3875,0.9,fedasync,4
7,3.8579,0.3,0.9,fedasync,4
8,5.8904,0.24875,0.9,fedasync,4
9,3.41701,0.25,0.9,fedasync,4
10,3.36702,0.385,0.9,fedasync,4
11,4.74267,0.2775,0.9,fedasync,4
12,2.64681,0.325,0.9,fedasync,4
13,3.21327,0.31,0.9,fedasync,4
14,4.34661,0.23625,0.9,fedasync,4
15,5.54371,0.23375,0.9,fedasync,4
16,2.95229,0.4225,0.9,fedasync,4
17,3.72967,0.37,0.9,fedasync,4
18,3.05111,0.4475,0.9,fedasync,4
19,2.50377,0.335,0.9,fedasync,4
20,3.2399,0.4425,0.9,fedasync,4
21,3.39237,0.39,0.9,fedasync,4
22,2.52512,0.36125,0.9,fedasync,4
23,2.57792,0.41625,0.9,fedasync,4
24,3.39438,0.39625,0.9,fedasync,4
25,2.09666,0.48625,0.9,fedasync,4
26,2.7434,0.45,0.9,fedasync,4
27,2.3357,0.5225,0.9,fedasync,4
28,2.94171,0.3925,0.9,fedasync,4
29,2.90804,0.49375,0.9,fedasync,4
30,2.39008,0.5025,0.9,fedasync,4
31,4.18464,0.29375,0.9,fedasync,4
32,2.78522,0.49125,0.9,fedasync,4
33,3.22843,0.45375,0.9,fedasync,4
34,3.5382,0.44625,0.9,fedasync,4
35,2.95716,0.47,0.9,fedasync,4
36,2.62182,0.45875,0.9,fedasync,4
37,2.60442,0.38625,0.9,fedasync,4
38,3.22752,0.36125,0.9,fedasync,4
39,2.59224,0.37875,0.9,fedasync,4
40,2.32307,0.50875,0.9,fedasync,4
41,2.83475,0.3975,0.9,fedasync,4
42,3.77849,0.375,0.9,fedasync,4
43,4.39708,0.33375,0.9,fedasync,4
44,4.66018,0.325,0.9,fedasync,4
45,2.00028,0.505,0.9,fedasync,4
46,2.07279,0.56875,0.9,fedasync,4
47,2.62119,0.50375,0.9,fedasync,4
48,2.84825,0.475,0.9,fedasync,4
49,2.63783,0.45875,0.9,fedasync,4
50,2.38868,0.55125,0.9,fedasync,4
51,2.6684,0.52,0.9,fedasync,4
52,2.96965,0.42375,0.9,fedasync,4
53,2.61956,0.4925,0.9,fedasync,4
54,3.48011,0.43375,0.9,fedasync,4
55,3.89511,0.435,0.9,fedasync,4
56,1.96271,0.58,0.9,fedasync,4
57,2.56377,0.51875,0.9,fedasync,4
58,2.74233,0.5125,0.9,fedasync,4
59,2.84329,0.47875,0.9,fedasync,4
60,3.30092,0.4575,0.9,fedasync,4
61,3.17869,0.45,0.9,fedasync,4
62,3.3615,0.43125,0.9,fedasync,4
63,2.00285,0.5975,0.9,fedasync,4
64,2.58795,0.49625,0.9,fedasync,4
65,2.73321,0.4825,0.9,fedasync,4
66,2.49819,0.4875,0.9,fedasync,4
67,2.7178,0.55,0.9,fedasync,4
68,2.15783,0.52125,0.9,fedasync,4
69,2.47832,0.495,0.9,fedasync,4
70,2.40989,0.53625,0.9,fedasync,4
71,1.46134,0.64875,0.9,fedasync,4
72,2.58089,0.5525,0.9,fedasync,4
73,2.3935,0.60875,0.9,fedasync,4
74,3.15784,0.51375,0.9,fedasync,4
75,2.40977,0.6125,0.9,fedasync,4
76,1.7529,0.6475,0.9,fedasync,4
77,2.18856,0.63375,0.9,fedasync,4
78,2.54433,0.6,0.9,fedasync,4
79,2.64283,0.58375,0.9,fedasync,4
80,1.95416,0.6225,0.9,fedasync,4
81,2.05506,0.64625,0.9,fedasync,4
82,2.28941,0.6025,0.9,fedasync,4
83,2.3131,0.60125,0.9,fedasync,4
84,2.40876,0.5925,0.9,fedasync,4
85,2.48655,0.5925,0.9,fedasync,4
86,2.30236,0.62625,0.9,fedasync,4
87,2.88873,0.58375,0.9,fedasync,4
88,2.32122,0.615,0.9,fedasync,4
89,1.56125,0.66125,0.9,fedasync,4
90,1.88433,0.62,0.9,fedasync,4
91,1.77289,0.68875,0.9,fedasync,4
92,1.78959,0.62375,0.9,fedasync,4
93,1.95452,0.64,0.9,fedasync,4
94,2.12194,0.63375,0.9,fedasync,4
95,2.03938,0.69,0.9,fedasync,4
96,2.18988,0.68,0.9,fedasync,4
97,2.23926,0.61875,0.9,fedasync,4
98,2.1531,0.615,0.9,fedasync,4
99,2.68121,0.54375,0.9,fedasync,4
100,2.68699,0.5175,0.9,fedasync,4
101,2.64407,0.57625,0.9,fedasync,4
102,2.48948,0.5925,0.9,fedasync,4
103,1.9065,0.6675,0.9,fedasync,4
104,1.98986,0.6425,0.9,fedasync,4
105,2.2922,0.62,0.9,fedasync,4
106,1.7487,0.665,0.9,fedasync,4
107,2.47472,0.62,0.9,fedasync,4
108,1.6468,0.67,0.9,fedasync,4
109,1.86847,0.68875,0.9,fedasync,4
110,1.72515,0.69375,0.9,fedasync,4
111,2.20323,0.67,0.9,fedasync,4
112,2.8728,0.61375,0.9,fedasync,4
113,1.56209,0.67375,0.9,fedasync,4
114,2.73507,0.62,0.9,fedasync,4
115,1.65689,0.68875,0.9,fedasync,4
116,2.58558,0.59,0.9,fedasync,4
117,2.24496,0.62375,0.9,fedasync,4
118,1.50088,0.68875,0.9,fedasync,4
119,1.94544,0.66,0.9,fedasync,4
120,1.74906,0.65875,0.9,fedasync,4
121,1.90011,0.67125,0.9,fedasync,4
122,2.10456,0.6475,0.9,fedasync,4
123,1.91189,0.65375,0.9,fedasync,4
124,3.20009,0.53875,0.9,fedasync,4
125,1.89484,0.7075,0.9,fedasync,4
126,1.94831,0.65375,0.9,fedasync,4
127,3.29505,0.535,0.9,fedasync,4
128,2.15377,0.6725,0.9,fedasync,4
129,3.13167,0.56625,0.9,fedasync,4
130,2.15822,0.6775,0.9,fedasync,4
131,3.22695,0.56625,0.9,fedasync,4
132,3.36,0.5625,0.9,fedasync,4
133,2.36962,0.6575,0.9,fedasync,4
134,1.74261,0.685,0.9,fedasync,4
135,1.34606,0.7625,0.9,fedasync,4
136,2.87042,0.5925,0.9,fedasync,4
137,3.08029,0.5675,0.9,fedasync,4
138,2.07756,0.665,0.9,fedasync,4
139,1.96494,0.71625,0.9,fedasync,4
140,2.07697,0.7075,0.9,fedasync,4
141,2.3388,0.6625,0.9,fedasync,4
142,1.76862,0.71875,0.9,fedasync,4
143,1.92065,0.71125,0.9,fedasync,4
144,1.62352,0.70875,0.9,fedasync,4
145,1.76517,0.69375,0.9,fedasync,4
146,2.30891,0.64375,0.9,fedasync,4
147,2.00354,0.6775,0.9,fedasync,4
148,1.46971,0.71,0.9,fedasync,4
149,1.98557,0.69375,0.9,fedasync,4
150,2.05092,0.65375,0.9,fedasync,4
1,5.25489,0.18375,,afl,5
2,5.25579,0.18375,,afl,5
3,2.15629,0.27125,,afl,5
4,2.35889,0.25625,,afl,5
5,2.21965,0.22875,,afl,5
6,2.02755,0.28875,,afl,5
7,1.90815,0.36375,,afl,5
8,1.75839,0.44625,,afl,5
9,1.76363,0.44,,afl,5
10,1.6666,0.49875,,afl,5
11,1.63129,0.49375,,afl,5
12,1.61783,0.50625,,afl,5
13,1.55442,0.51125,,afl,5
14,1.51208,0.51875,,afl,5
15,1.51474,0.52,,afl,5
16,1.52875,0.50375,,afl,5
17,1.513,0.51625,,afl,5
18,1.48246,0.53125,,afl,5
19,1.49403,0.54125,,afl,5
20,1.4761,0.55375,,afl,5
21,1.46412,0.5425,,afl,5
22,1.45932,0.545,,afl,5
23,1.42554,0.55,,afl,5
24,1.40883,0.54625,,afl,5
25,1.41203,0.5525,,afl,5
26,1.39745,0.555,,afl,5
27,1.3865,0.565,,afl,5
28,1.36155,0.54375,,afl,5
29,1.35348,0.54,,afl,5
30,1.35314,0.55125,,afl,5
31,1.33968,0.56,,afl,5
32,1.34291,0.55875,,afl,5
33,1.32465,0.56375,,afl,5
34,1.33028,0.56125,,afl,5
35,1.31898,0.56375,,afl,5
36,1.32679,0.5525,,afl,5
37,1.31089,0.5575,,afl,5
38,1.31988,0.54375,,afl,5
39,1.31212,0.53875,,afl,5
40,1.30616,0.54375,,afl,5
41,1.29468,0.55,,afl,5
42,1.2914,0.5475,,afl,5
43,1.27336,0.54875,,afl,5
44,1.26455,0.55125,,afl,5
45,1.2629,0.55375,,afl,5
46,1.24728,0.55625,,afl,5
47,1.23417,0.57375,,afl,5
48,1.22259,0.5825,,afl,5
49,1.2131,0.5875,,afl,5
50,1.21082,0.5875,,afl,5
51,1.20371,0.5875,,afl,5
52,1.20311,0.5825,,afl,5
53,1.20671,0.5775,,afl,5
54,1.21117,0.575,,afl,5
55,1.20122,0.575,,afl,5
56,1.20042,0.57625,,afl,5
57,1.1946,0.57375,,afl,5
58,1.19,0.57375,,afl,5
59,1.19409,0.57,,afl,5
60,1.19883,0.5675,,afl,5
61,1.18855,0.575,,afl,5
62,1.17982,0.57625,,afl,5
63,1.18447,0.57,,afl,5
64,1.18971,0.56375,,afl,5
65,1.18429,0.56875,,afl,5
66,1.17482,0.5725,,afl,5
67,1.16666,0.57625,,afl,5
68,1.17182,0.575,,afl,5
69,1.16395,0.58,,afl,5
70,1.15749,0.5825,,afl,5
71,1.15203,0.5825,,afl,5
72,1.15676,0.5825,,afl,5
73,1.16197,0.58,,afl,5
74,1.15697,0.5875,,afl,5
75,1.15263,0.59125,,afl,5
76,1.1454,0.59375,,afl,5
77,1.14179,0.60125,,afl,5
78,1.14663,0.59625,,afl,5
79,1.14357,0.59625,,afl,5
80,1.14108,0.59875,,afl,5
81,1.13886,0.605,,afl,5
82,1.13723,0.60875,,afl,5
83,1.12851,0.61,,afl,5
84,1.12084,0.6125,,afl,5
85,1.12473,0.6075,,afl,5
86,1.12896,0.60375,,afl,5
87,1.13353,0.6,,afl,5
88,1.13154,0.60375,,afl,5
89,1.12411,0.60875,,afl,5
90,1.12413,0.60375,,afl,5
91,1.11731,0.6075,,afl,5
92,1.1155,0.60875,,afl,5
93,1.10919,0.615,,afl,5
94,1.11306,0.61,,afl,5
95,1.10751,0.61875,,afl,5
96,1.10598,0.61375,,afl,5
97,1.0999,0.61875,,afl,5
98,1.10369,0.61375,,afl,5
99,1.10769,0.6125,,afl,5
100,1.10271,0.62375,,afl,5
101,1.1004,0.625,,afl,5
102,1.09504,0.62625,,afl,5
103,1.09459,0.62125,,afl,5
104,1.08845,0.6275,,afl,5
105,1.08807,0.6275,,afl,5
106,1.08788,0.62125,,afl,5
107,1.08759,0.62,,afl,5
108,1.09104,0.6175,,afl,5
109,1.08607,0.625,,afl,5
110,1.08029,0.6275,,afl,5
111,1.08372,0.6275,,afl,5
112,1.08332,0.62625,,afl,5
113,1.08291,0.62125,,afl,5
114,1.0864,0.62,,afl,5
115,1.08588,0.62,,afl,5
116,1.08006,0.6225,,afl,5
117,1.07786,0.625,,afl,5
118,1.08127,0.62,,afl,5
119,1.08095,0.62125,,afl,5
120,1.08444,0.61875,,afl,5
121,1.0794,0.62,,afl,5
122,1.07921,0.62125,,afl,5
123,1.07373,0.625,,afl,5
124,1.07716,0.62125,,afl,5
125,1.0807,0.62,,afl,5
126,1.07601,0.62125,,afl,5
127,1.07568,0.62375,,afl,5
128,1.07127,0.62625,,afl,5
129,1.06735,0.63375,,afl,5
130,1.0707,0.63,,afl,5
131,1.06545,0.6325,,afl,5
132,1.06188,0.63625,,afl,5
133,1.05713,0.63875,,afl,5
134,1.05458,0.63875,,afl,5
135,1.05404,0.63875,,afl,5
136,1.05718,0.635,,afl,5
137,1.06042,0.6325,,afl,5
138,1.05812,0.63125,,afl,5
139,1.05365,0.6325,,afl,5
140,1.05318,0.62875,,afl,5
141,1.05285,0.6325,,afl,5
142,1.0527,0.62875,,afl,5
143,1.05258,0.62875,,afl,5
144,1.05269,0.63,,afl,5
145,1.05292,0.63125,,afl,5
146,1.0559,0.62875,,afl,5
147,1.05193,0.6275,,afl,5
148,1.04831,0.635,,afl,5
149,1.04497,0.64,,afl,5
150,1.04196,0.64375,,afl,5
1,2.32617,0.12875,0.1,fedasync,5
2,2.29117,0.19125,0.1,fedasync,5
3,2.19099,0.29875,0.1,fedasync,5
4,2.18985,0.275,0.1,fedasync,5
5,2.17536,0.25875,0.1,fedasync,5
6,2.11959,0.35625,0.1,fedasync,5
7,2.07611,0.3625,0.1,fedasync,5
8,1.99935,0.39875,0.1,fedasync,5
9,1.97161,0.4425,0.1,fedasync,5
10,1.89068,0.46,0.1,fedasync,5
11,1.85154,0.44625,0.1,fedasync,5
12,1.83532,0.4375,0.1,fedasync,5
13,1.76203,0.4325,0.1,fedasync,5
14,1.74979,0.44,0.1,fedasync,5
15,1.76204,0.44125,0.1,fedasync,5
16,1.80039,0.42625,0.1,fedasync,5
17,1.69954,0.46625,0.1,fedasync,5
18,1.66184,0.46125,0.1,fedasync,5
19,1.61453,0.4775,0.1,fedasync,5
20,1.55061,0.5,0.1,fedasync,5
21,1.50308,0.5525,0.1,fedasync,5
22,1.44808,0.55,0.1,fedasync,5
23,1.38061,0.56125,0.1,fedasync,5
24,1.36809,0.545,0.1,fedasync,5
25,1.38925,0.5225,0.1,fedasync,5
26,1.31273,0.5725,0.1,fedasync,5
27,1.23126,0.60625,0.1,fedasync,5
28,1.18525,0.63375,0.1,fedasync,5
29,1.14792,0.66,0.1,fedasync,5
30,1.15304,0.63625,0.1,fedasync,5
31,1.13681,0.63,0.1,fedasync,5
32,1.17435,0.59,0.1,fedasync,5
33,1.13306,0.63375,0.1,fedasync,5
34,1.17947,0.6125,0.1,fedasync,5
35,1.18444,0.605,0.1,fedasync,5
36,1.24658,0.5675,0.1,fedasync,5
37,1.19184,0.60625,0.1,fedasync,5
38,1.25314,0.5925,0.1,fedasync,5
39,1.26432,0.5875,0.1,fedasync,5
40,1.29755,0.56625,0.1,fedasync,5
41,1.25674,0.59625,0.1,fedasync,5
42,1.3074,0.56875,0.1,fedasync,5
43,1.08688,0.60375,0.1,fedasync,5
44,1.07062,0.62625,0.1,fedasync,5
45,1.13281,0.60875,0.1,fedasync,5
46,1.01181,0.6175,0.1,fedasync,5
47,0.94863,0.63875,0.1,fedasync,5
48,0.8609,0.70625,0.1,fedasync,5
49,0.84905,0.7325,0.1,fedasync,5
50,0.86724,0.68375,0.1,fedasync,5
51,0.86212,0.68375,0.1,fedasync,5
52,0.90965,0.6575,0.1,fedasync,5
53,0.90831,0.6425,0.1,fedasync,5
54,0.93717,0.63,0.1,fedasync,5
55,0.87754,0.67375,0.1,fedasync,5
56,0.92017,0.6425,0.1,fedasync,5
57,0.90354,0.64375,0.1,fedasync,5
58,0.91742,0.64625,0.1,fedasync,5
59,0.93327,0.64625,0.1,fedasync,5
60,0.97533,0.635,0.1,fedasync,5
61,0.88728,0.665,0.1,fedasync,5
62,0.85846,0.71,0.1,fedasync,5
63,0.91009,0.69625,0.1,fedasync,5
64,0.97755,0.665,0.1,fedasync,5
65,0.91412,0.6725,0.1,fedasync,5
66,0.80019,0.71875,0.1,fedasync,5
67,0.77406,0.7325,0.1,fedasync,5
68,0.81858,0.70875,0.1,fedasync,5
69,0.79479,0.74375,0.1,fedasync,5
70,0.8049,0.7275,0.1,fedasync,5
71,0.77118,0.7575,0.1,fedasync,5
72,0.80679,0.74375,0.1,fedasync,5
73,0.8597,0.72375,0.1,fedasync,5
74,0.83792,0.70125,0.1,fedasync,5
75,0.85269,0.6775,0.1,fedasync,5
76,0.83495,0.6775,0.1,fedasync,5
77,0.87703,0.6575,0.1,fedasync,5
78,0.90085,0.6575,0.1,fedasync,5
79,0.94669,0.64375,0.1,fedasync,5
80,1.01069,0.6275,0.1,fedasync,5
81,1.08646,0.6025,0.1,fedasync,5
82,1.17095,0.58625,0.1,fedasync,5
83,0.99466,0.60625,0.1,fedasync,5
84,0.89377,0.65375,0.1,fedasync,5
85,0.87756,0.665,0.1,fedasync,5
86,0.89623,0.66375,0.1,fedasync,5
87,0.9359,0.6625,0.1,fedasync,5
88,0.96517,0.63875,0.1,fedasync,5
89,0.88677,0.69375,0.1,fedasync,5
90,0.8046,0.7125,0.1,fedasync,5
91,0.77272,0.7475,0.1,fedasync,5
92,0.79164,0.7175,0.1,fedasync,5
93,0.77777,0.7375,0.1,fedasync,5
94,0.79663,0.74,0.1,fedasync,5
95,0.80981,0.71375,0.1,fedasync,5
96,0.72961,0.76125,0.1,fedasync,5
97,0.70618,0.78,0.1,fedasync,5
98,0.72928,0.76875,0.1,fedasync,5
99,0.76853,0.75375,0.1,fedasync,5
100,0.77336,0.73375,0.1,fedasync,5
101,0.74813,0.75875,0.1,fedasync,5
102,0.70875,0.7625,0.1,fedasync,5
103,0.6571,0.78875,0.1,fedasync,5
104,0.63905,0.78875,0.1,fedasync,5
105,0.61677,0.7925,0.1,fedasync,5
106,0.62928,0.77375,0.1,fedasync,5
107,0.66807,0.75125,0.1,fedasync,5
108,0.68865,0.7425,0.1,fedasync,5
109,0.62537,0.78875,0.1,fedasync,5
110,0.58415,0.8175,0.1,fedasync,5
111,0.61931,0.795,0.1,fedasync,5
112,0.63355,0.76875,0.1,fedasync,5
113,0.67331,0.7525,0.1,fedasync,5
114,0.70956,0.74,0.1,fedasync,5
115,0.75624,0.70625,0.1,fedasync,5
116,0.65861,0.7525,0.1,fedasync,5
117,0.65761,0.7525,0.1,fedasync,5
118,0.69286,0.74125,0.1,fedasync,5
119,0.73027,0.7225,0.1,fedasync,5
120,0.77152,0.70875,0.1,fedasync,5
121,0.66603,0.75875,0.1,fedasync,5
122,0.70436,0.73875,0.1,fedasync,5
123,0.62205,0.77875,0.1,fedasync,5
124,0.66569,0.75875,0.1,fedasync,5
125,0.72065,0.745,0.1,fedasync,5
126,0.65853,0.775,0.1,fedasync,5
127,0.66954,0.76,0.1,fedasync,5
128,0.63417,0.785,0.1,fedasync,5
129,0.63195,0.78375,0.1,fedasync,5
130,0.67346,0.76375,0.1,fedasync,5
131,0.613,0.78625,0.1,fedasync,5
132,0.63039,0.7675,0.1,fedasync,5
133,0.60274,0.7925,0.1,fedasync,5
134,0.55113,0.8225,0.1,fedasync,5
135,0.53007,0.8175,0.1,fedasync,5
136,0.56245,0.8025,0.1,fedasync,5
137,0.60735,0.785,0.1,fedasync,5
138,0.58468,0.79125,0.1,fedasync,5
139,0.56258,0.80375,0.1,fedasync,5
140,0.55819,0.7975,0.1,fedasync,5
141,0.58174,0.79,0.1,fedasync,5
142,0.62582,0.77,0.1,fedasync,5
143,0.68539,0.74,0.1,fedasync,5
144,0.75469,0.715,0.1,fedasync,5
145,0.83257,0.68875,0.1,fedasync,5
146,0.8281,0.68625,0.1,fedasync,5
147,0.698,0.7425,0.1,fedasync,5
148,0.63834,0.7775,0.1,fedasync,5
149,0.62637,0.7775,0.1,fedasync,5
150,0.6434,0.77,0.1,fedasync,5
1,2.59035,0.185,0.5,fedasync,5
2,3.42808,0.18375,0.5,fedasync,5
3,1.92868,0.4475,0.5,fedasync,5
4,2.20563,0.3375,0.5,fedasync,5
5,2.05813,0.3175,0.5,fedasync,5
6,1.56011,0.49875,0.5,fedasync,5
7,1.74208,0.4325,0.5,fedasync,5
8,1.99385,0.52375,0.5,fedasync,5
9,1.54704,0.44,0.5,fedasync,5
10,1.3609,0.6175,0.5,fedasync,5
11,1.74608,0.5075,0.5,fedasync,5
12,2.43424,0.39,0.5,fedasync,5
13,1.49634,0.5725,0.5,fedasync,5
14,1.63445,0.5475,0.5,fedasync,5
15,1.7028,0.55625,0.5,fedasync,5
16,2.07479,0.5075,0.5,fedasync,5
17,1.21658,0.58,0.5,fedasync,5
18,1.00222,0.63,0.5,fedasync,5
19,0.85349,0.6775,0.5,fedasync,5
20,0.98009,0.62,0.5,fedasync,5
21,1.42453,0.4925,0.5,fedasync,5
22,0.93897,0.69125,0.5,fedasync,5
23,1.00855,0.72,0.5,fedasync,5
24,1.28737,0.65625,0.5,fedasync,5
25,1.26976,0.64375,0.5,fedasync,5
26,0.83898,0.70875,0.5,fedasync,5
27,0.89452,0.6975,0.5,fedasync,5
28,0.78245,0.71875,0.5,fedasync,5
29,0.96287,0.655,0.5,fedasync,5
30,0.84575,0.715,0.5,fedasync,5
31,0.92828,0.70625,0.5,fedasync,5
32,1.21404,0.6575,0.5,fedasync,5
33,1.10582,0.71,0.5,fedasync,5
34,1.21202,0.6825,0.5,fedasync,5
35,1.27837,0.665,0.5,fedasync,5
36,1.44353,0.63125,0.5,fedasync,5
37,1.30785,0.68,0.5,fedasync,5
38,1.35613,0.6775,0.5,fedasync,5
39,1.41914,0.65625,0.5,fedasync,5
40,1.73633,0.61375,0.5,fedasync,5
41,1.46445,0.66,0.5,fedasync,5
42,1.68607,0.63375,0.5,fedasync,5
43,0.83029,0.73375,0.5,fedasync,5
44,0.7651,0.725,0.5,fedasync,5
45,0.99167,0.68,0.5,fedasync,5
46,0.86738,0.73875,0.5,fedasync,5
47,1.25301,0.67875,0.5,fedasync,5
48,0.95778,0.69,0.5,fedasync,5
49,1.29645,0.64625,0.5,fedasync,5
50,0.70168,0.78875,0.5,fedasync,5
51,0.78657,0.7475,0.5,fedasync,5
52,1.02542,0.69375,0.5,fedasync,5
53,1.02334,0.6875,0.5,fedasync,5
54,1.31657,0.66375,0.5,fedasync,5
55,0.93896,0.7325,0.5,fedasync,5
56,0.89724,0.735,0.5,fedasync,5
57,0.8661,0.7275,0.5,fedasync,5
58,1.29109,0.66125,0.5,fedasync,5
59,1.07305,0.70625,0.5,fedasync,5
60,1.26753,0.675,0.5,fedasync,5
61,0.96217,0.7375,0.5,fedasync,5
62,1.30826,0.675,0.5,fedasync,5
63,1.2342,0.68875,0.5,fedasync,5
64,1.35683,0.66875,0.5,fedasync,5
65,0.77259,0.7575,0.5,fedasync,5
66,0.7044,0.7775,0.5,fedasync,5
67,1.11489,0.67875,0.5,fedasync,5
68,0.84694,0.7575,0.5,fedasync,5
69,0.94041,0.73875,0.5,fedasync,5
70,1.32637,0.67625,0.5,fedasync,5
71,0.80091,0.76,0.5,fedasync,5
72,0.86978,0.755,0.5,fedasync,5
73,1.05335,0.71875,0.5,fedasync,5
74,1.09089,0.705,0.5,fedasync,5
75,1.46238,0.65125,0.5,fedasync,5
76,0.96331,0.725,0.5,fedasync,5
77,1.28422,0.67625,0.5,fedasync,5
78,1.07731,0.7125,0.5,fedasync,5
79,1.34174,0.68375,0.5,fedasync,5
80,1.64389,0.6425,0.5,fedasync,5
81,1.8627,0.61625,0.5,fedasync,5
82,2.01719,0.5975,0.5,fedasync,5
83,0.94747,0.7,0.5,fedasync,5
84,1.29576,0.65,0.5,fedasync,5
85,1.04494,0.70125,0.5,fedasync,5
86,1.14744,0.68875,0.5,fedasync,5
87,1.26041,0.67125,0.5,fedasync,5
88,0.93226,0.73625,0.5,fedasync,5
89,1.0041,0.7325,0.5,fedasync,5
90,0.72306,0.7875,0.5,fedasync,5
91,0.87595,0.77,0.5,fedasync,5
92,0.7684,0.77,0.5,fedasync,5
93,0.84824,0.775,0.5,fedasync,5
94,0.78811,0.79125,0.5,fedasync,5
95,1.08818,0.73,0.5,fedasync,5
96,0.83287,0.78,0.5,fedasync,5
97,0.72253,0.7975,0.5,fedasync,5
98,0.7388,0.7875,0.5,fedasync,5
99,0.89624,0.76375,0.5,fedasync,5
100,1.04778,0.735,0.5,fedasync,5
101,0.77763,0.78,0.5,fedasync,5
102,0.85453,0.7725,0.5,fedasync,5
103,0.81167,0.75875,0.5,fedasync,5
104,0.69803,0.77875,0.5,fedasync,5
105,0.79086,0.76,0.5,fedasync,5
106,1.1201,0.69375,0.5,fedasync,5
107,1.38148,0.67125,0.5,fedasync,5
108,1.11745,0.71125,0.5,fedasync,5
109,0.86423,0.775,0.5,fedasync,5
110,0.66317,0.80875,0.5,fedasync,5
111,0.69751,0.805,0.5,fedasync,5
112,0.70677,0.795,0.5,fedasync,5
113,1.01088,0.7425,0.5,fedasync,5
114,0.92704,0.755,0.5,fedasync,5
115,1.13599,0.725,0.5,fedasync,5
116,0.75148,0.77375,0.5,fedasync,5
117,0.87152,0.7625,0.5,fedasync,5
118,0.88362,0.77,0.5,fedasync,5
119,0.86234,0.7675,0.5,fedasync,5
120,0.96953,0.7475,0.5,fedasync,5
121,0.79139,0.8,0.5,fedasync,5
122,0.82626,0.79875,0.5,fedasync,5
123,0.59459,0.82625,0.5,fedasync,5
124,0.62983,0.8325,0.5,fedasync,5
125,0.77388,0.80375,0.5,fedasync,5
126,0.87913,0.78625,0.5,fedasync,5
127,0.76341,0.79375,0.5,fedasync,5
128,1.00328,0.755,0.5,fedasync,5
129,1.29027,0.72,0.5,fedasync,5
130,1.02979,0.7575,0.5,fedasync,5
131,0.72493,0.80625,0.5,fedasync,5
132,1.01533,0.765,0.5,fedasync,5
133,0.96181,0.74625,0.5,fedasync,5
134,0.68812,0.80875,0.5,fedasync,5
135,0.67213,0.80875,0.5,fedasync,5
136,0.7024,0.81125,0.5,fedasync,5
137,0.8397,0.7925,0.5,fedasync,5
138,0.932,0.775,0.5,fedasync,5
139,0.8039,0.76875,0.5,fedasync,5
140,0.72138,0.79,0.5,fedasync,5
141,0.95889,0.745,0.5,fedasync,5
142,1.16223,0.715,0.5,fedasync,5
143,1.30282,0.6925,0.5,fedasync,5
144,1.39826,0.67625,0.5,fedasync,5
145,1.46794,0.67125,0.5,fedasync,5
146,1.10558,0.74,0.5,fedasync,5
147,0.87928,0.78625,0.5,fedasync,5
148,1.16442,0.74,0.5,fedasync,5
149,1.37227,0.72,0.5,fedasync,5
150,1.50902,0.69875,0.5,fedasync,5
1,4.51505,0.18375,0.9,fedasync,5
2,5.02893,0.18375,0.9,fedasync,5
3,2.63513,0.32,0.9,fedasync,5
4,2.98979,0.22125,0.9,fedasync,5
5,3.53444,0.23625,0.9,fedasync,5
6,2.87454,0.45625,0.9,fedasync,5
7,4.35962,0.3125,0.9,fedasync,5
8,3.53278,0.47125,0.9,fedasync,5
9,3.25214,0.34375,0.9,fedasync,5
10,3.19056,0.44,0.9,fedasync,5
11,4.05921,0.31,0.9,fedasync,5
12,5.03105,0.28875,0.9,fedasync,5
13,3.01849,0.4375,0.9,fedasync,5
14,2.65693,0.47125,0.9,fedasync,5
15,3.90554,0.30625,0.9,fedasync,5
16,4.40285,0.2975,0.9,fedasync,5
17,2.95882,0.345,0.9,fedasync,5
18,2.6932,0.3575,0.9,fedasync,5
19,2.33895,0.4775,0.9,fedasync,5
20,3.09095,0.405,0.9,fedasync,5
21,3.66813,0.39375,0.9,fedasync,5
22,1.75898,0.47,0.9,fedasync,5
23,2.67248,0.56125,0.9,fedasync,5
24,2.10926,0.49125,0.9,fedasync,5
25,2.12509,0.48875,0.9,fedasync,5
26,2.78836,0.45125,0.9,fedasync,5
27,3.15717,0.38375,0.9,fedasync,5
28,2.82343,0.56125,0.9,fedasync,5
29,2.94665,0.44375,0.9,fedasync,5
30,2.14494,0.4675,0.9,fedasync,5
31,2.02985,0.57375,0.9,fedasync,5
32,2.78004,0.4575,0.9,fedasync,5
33,2.42083,0.58625,0.9,fedasync,5
34,2.60582,0.43125,0.9,fedasync,5
35,1.68238,0.56875,0.9,fedasync,5
36,2.80792,0.4775,0.9,fedasync,5
37,2.77486,0.5775,0.9,fedasync,5
38,4.20347,0.49625,0.9,fedasync,5
39,1.75674,0.61125,0.9,fedasync,5
40,2.08609,0.59125,0.9,fedasync,5
41,2.68745,0.625,0.9,fedasync,5
42,2.13381,0.61125,0.9,fedasync,5
43,4.89749,0.37625,0.9,fedasync,5
44,2.26388,0.6175,0.9,fedasync,5
45,1.63278,0.63125,0.9,fedasync,5
46,2.27572,0.50375,0.9,fedasync,5
47,2.5377,0.50375,0.9,fedasync,5
48,2.45247,0.5125,0.9,fedasync,5
49,2.34144,0.47625,0.9,fedasync,5
50,1.48796,0.655,0.9,fedasync,5
51,2.48391,0.62375,0.9,fedasync,5
52,1.75688,0.63625,0.9,fedasync,5
53,2.13825,0.55,0.9,fedasync,5
54,2.3586,0.53375,0.9,fedasync,5
55,3.3404,0.51875,0.9,fedasync,5
56,1.55638,0.685,0.9,fedasync,5
57,2.36281,0.64125,0.9,fedasync,5
58,2.83057,0.61125,0.9,fedasync,5
59,2.36849,0.57875,0.9,fedasync,5
60,2.50402,0.5675,0.9,fedasync,5
61,3.10096,0.55375,0.9,fedasync,5
62,3.01718,0.54125,0.9,fedasync,5
63,2.65446,0.5375,0.9,fedasync,5
64,2.7643,0.525,0.9,fedasync,5
65,2.01233,0.64125,0.9,fedasync,5
66,2.76188,0.525,0.9,fedasync,5
67,3.3288,0.4725,0.9,fedasync,5
68,1.70794,0.65375,0.9,fedasync,5
69,2.04642,0.62625,0.9,fedasync,5
70,2.37177,0.595,0.9,fedasync,5
71,2.34652,0.61125,0.9,fedasync,5
72,1.90865,0.61125,0.9,fedasync,5
73,1.95848,0.6,0.9,fedasync,5
74,2.18918,0.6375,0.9,fedasync,5
75,2.68362,0.61,0.9,fedasync,5
76,2.28148,0.5975,0.9,fedasync,5
77,2.18778,0.6425,0.9,fedasync,5
78,1.87615,0.62875,0.9,fedasync,5
79,2.47558,0.63125,0.9,fedasync,5
80,2.68545,0.60875,0.9,fedasync,5
81,2.8194,0.605,0.9,fedasync,5
82,2.92069,0.60125,0.9,fedasync,5
83,2.47567,0.58375,0.9,fedasync,5
84,2.71466,0.5725,0.9,fedasync,5
85,2.05267,0.6075,0.9,fedasync,5
86,2.16171,0.595,0.9,fedasync,5
87,2.22236,0.585,0.9,fedasync,5
88,2.69681,0.57625,0.9,fedasync,5
89,2.66963,0.58125,0.9,fedasync,5
90,1.86437,0.67625,0.9,fedasync,5
91,2.79916,0.54625,0.9,fedasync,5
92,2.36525,0.62,0.9,fedasync,5
93,2.84232,0.55375,0.9,fedasync,5
94,1.70815,0.65375,0.9,fedasync,5
95,2.62888,0.60625,0.9,fedasync,5
96,1.56993,0.69125,0.9,fedasync,5
97,2.71306,0.57875,0.9,fedasync,5
98,1.53927,0.66375,0.9,fedasync,5
99,1.64383,0.65625,0.9,fedasync,5
100,2.40544,0.6275,0.9,fedasync,5
101,2.02104,0.65625,0.9,fedasync,5
102,2.60615,0.5825,0.9,fedasync,5
103,1.65673,0.65125,0.9,fedasync,5
104,2.42375,0.58625,0.9,fedasync,5
105,1.2595,0.71375,0.9,fedasync,5
106,1.44794,0.70375,0.9,fedasync,5
107,1.56838,0.69125,0.9,fedasync,5
108,1.93046,0.65375,0.9,fedasync,5
109,2.2513,0.6275,0.9,fedasync,5
110,2.12846,0.625,0.9,fedasync,5
111,1.46969,0.7025,0.9,fedasync,5
112,1.19367,0.7575,0.9,fedasync,5
113,1.4389,0.7225,0.9,fedasync,5
114,1.52474,0.71875,0.9,fedasync,5
115,1.5605,0.7125,0.9,fedasync,5
116,1.87165,0.66,0.9,fedasync,5
117,1.85836,0.67375,0.9,fedasync,5
118,1.43983,0.705,0.9,fedasync,5
119,1.37038,0.72375,0.9,fedasync,5
120,1.54876,0.71375,0.9,fedasync,5
121,1.88658,0.67,0.9,fedasync,5
122,1.30337,0.74125,0.9,fedasync,5
123,1.58637,0.695,0.9,fedasync,5
124,1.44994,0.7275,0.9,fedasync,5
125,1.50101,0.7225,0.9,fedasync,5
126,2.51021,0.63,0.9,fedasync,5
127,1.4007,0.7525,0.9,fedasync,5
128,2.37235,0.6275,0.9,fedasync,5
129,2.58366,0.615,0.9,fedasync,5
130,2.0484,0.68375,0.9,fedasync,5
131,2.04904,0.64125,0.9,fedasync,5
132,2.30569,0.6325,0.9,fedasync,5
133,2.01138,0.66125,0.9,fedasync,5
134,2.40376,0.655,0.9,fedasync,5
135,1.54659,0.71625,0.9,fedasync,5
136,1.76774,0.69375,0.9,fedasync,5
137,1.84027,0.685,0.9,fedasync,5
138,2.18703,0.6875,0.9,fedasync,5
139,1.78723,0.67375,0.9,fedasync,5
140,1.2218,0.75,0.9,fedasync,5
141,1.35029,0.75,0.9,fedasync,5
142,1.54396,0.72875,0.9,fedasync,5
143,1.5453,0.7375,0.9,fedasync,5
144,1.63962,0.73125,0.9,fedasync,5
145,1.69667,0.7275,0.9,fedasync,5
146,1.75836,0.7,0.9,fedasync,5
147,2.01004,0.675,0.9,fedasync,5
148,2.25767,0.65375,0.9,fedasync,5
149,2.36914,0.65,0.9,fedasync,5
150,2.44396,0.64125,0.9,fedasync,5
1,4.95615,0.22125,,afl,6
2,2.60224,0.2,,afl,6
3,1.9857,0.30375,,afl,6
4,1.92005,0.35,,afl,6
5,1.85002,0.3175,,afl,6
6,1.82573,0.31875,,afl,6
7,1.7185,0.3325,,afl,6
8,1.65981,0.4025,,afl,6
9,1.6487,0.445,,afl,6
10,1.56399,0.505,,afl,6
11,1.52519,0.51375,,afl,6
12,1.52156,0.4725,,afl,6
13,1.48681,0.48,,afl,6
14,1.45145,0.48125,,afl,6
15,1.42881,0.50625,,afl,6
16,1.42493,0.49,,afl,6
17,1.39779,0.50625,,afl,6
18,1.37322,0.50625,,afl,6
19,1.3612,0.52,,afl,6
20,1.36281,0.4975,,afl,6
21,1.3418,0.49625,,afl,6
22,1.34795,0.48,,afl,6
23,1.33337,0.49375,,afl,6
24,1.34218,0.47375,,afl,6
25,1.32711,0.48125,,afl,6
26,1.31721,0.48375,,afl,6
27,1.30823,0.50125,,afl,6
28,1.29656,0.505,,afl,6
29,1.29107,0.515,,afl,6
30,1.28272,0.52125,,afl,6
31,1.2835,0.51625,,afl,6
32,1.278,0.51375,,afl,6
33,1.27543,0.525,,afl,6
34,1.27529,0.53,,afl,6
35,1.27666,0.5175,,afl,6
36,1.27255,0.52625,,afl,6
37,1.24586,0.55125,,afl,6
38,1.23676,0.55125,,afl,6
39,1.23592,0.55625,,afl,6
40,1.23823,0.5625,,afl,6
41,1.23111,0.5575,,afl,6
42,1.22887,0.5525,,afl,6
43,1.22895,0.5625,,afl,6
44,1.2116,0.57,,afl,6
45,1.2062,0.5675,,afl,6
46,1.20399,0.56875,,afl,6
47,1.19053,0.57875,,afl,6
48,1.19392,0.575,,afl,6
49,1.19909,0.5675,,afl,6
50,1.18982,0.57,,afl,6
51,1.18467,0.57375,,afl,6
52,1.17769,0.5775,,afl,6
53,1.17451,0.5775,,afl,6
54,1.18011,0.57,,afl,6
55,1.17779,0.5725,,afl,6
56,1.18368,0.56375,,afl,6
57,1.18199,0.5675,,afl,6
58,1.18193,0.56375,,afl,6
59,1.18308,0.565,,afl,6
60,1.18549,0.56875,,afl,6
61,1.18901,0.565,,afl,6
62,1.19179,0.55875,,afl,6
63,1.18335,0.56625,,afl,6
64,1.18694,0.56125,,afl,6
65,1.18956,0.55875,,afl,6
66,1.19325,0.55125,,afl,6
67,1.19768,0.55125,,afl,6
68,1.19139,0.5575,,afl,6
69,1.1962,0.55625,,afl,6
70,1.18935,0.5575,,afl,6
71,1.19152,0.55125,,afl,6
72,1.18243,0.555,,afl,6
73,1.18536,0.56,,afl,6
74,1.18905,0.55125,,afl,6
75,1.19184,0.5525,,afl,6
76,1.19552,0.5425,,afl,6
77,1.19988,0.545,,afl,6
78,1.19102,0.555,,afl,6
79,1.19331,0.545,,afl,6
80,1.19647,0.545,,afl,6
81,1.19096,0.54375,,afl,6
82,1.19424,0.54375,,afl,6
83,1.18842,0.54625,,afl,6
84,1.1922,0.54875,,afl,6
85,1.18753,0.54625,,afl,6
86,1.18353,0.54375,,afl,6
87,1.17456,0.55,,afl,6
88,1.17684,0.55125,,afl,6
89,1.18078,0.54375,,afl,6
90,1.17231,0.5525,,afl,6
91,1.16859,0.55125,,afl,6
92,1.17322,0.545,,afl,6
93,1.16885,0.54875,,afl,6
94,1.17002,0.55125,,afl,6
95,1.16206,0.5625,,afl,6
96,1.16666,0.5575,,afl,6
97,1.16351,0.55375,,afl,6
98,1.15601,0.5625,,afl,6
99,1.16091,0.5575,,afl,6
100,1.16631,0.555,,afl,6
101,1.16629,0.555,,afl,6
102,1.15912,0.5625,,afl,6
103,1.15554,0.5625,,afl,6
104,1.15586,0.57,,afl,6
105,1.15288,0.56625,,afl,6
106,1.15364,0.565,,afl,6
107,1.15054,0.57,,afl,6
108,1.14383,0.57875,,afl,6
109,1.14107,0.57875,,afl,6
110,1.13482,0.585,,afl,6
111,1.13576,0.58625,,afl,6
112,1.13979,0.58,,afl,6
113,1.14077,0.57875,,afl,6
114,1.14219,0.57625,,afl,6
115,1.13921,0.5775,,afl,6
116,1.14303,0.57625,,afl,6
117,1.14059,0.575,,afl,6
118,1.13427,0.58375,,afl,6
119,1.13209,0.585,,afl,6
120,1.13616,0.58,,afl,6
121,1.13295,0.58125,,afl,6
122,1.13134,0.5775,,afl,6
123,1.12526,0.585,,afl,6
124,1.11964,0.5825,,afl,6
125,1.11997,0.5925,,afl,6
126,1.11823,0.59,,afl,6
127,1.11583,0.5875,,afl,6
128,1.11373,0.5875,,afl,6
129,1.11163,0.585,,afl,6
130,1.11026,0.585,,afl,6
131,1.10906,0.58375,,afl,6
132,1.10809,0.58625,,afl,6
133,1.10613,0.5825,,afl,6
134,1.11043,0.58125,,afl,6
135,1.11497,0.5775,,afl,6
136,1.11432,0.5775,,afl,6
137,1.11379,0.58,,afl,6
138,1.11861,0.575,,afl,6
139,1.11276,0.575,,afl,6
140,1.10721,0.57375,,afl,6
141,1.10513,0.57375,,afl,6
142,1.1048,0.5775,,afl,6
143,1.10965,0.57375,,afl,6
144,1.10828,0.57625,,afl,6
145,1.11312,0.57375,,afl,6
146,1.1128,0.575,,afl,6
147,1.11269,0.57875,,afl,6
148,1.1106,0.5775,,afl,6
149,1.10861,0.5775,,afl,6
150,1.10317,0.57875,,afl,6
1,2.37664,0.16125,0.1,fedasync,6
2,2.30074,0.18,0.1,fedasync,6
3,2.24843,0.2225,0.1,fedasync,6
4,2.16775,0.2475,0.1,fedasync,6
5,2.13131,0.3025,0.1,fedasync,6
6,2.11178,0.32875,0.1,fedasync,6
7,2.04318,0.365,0.1,fedasync,6
8,1.97595,0.39125,0.1,fedasync,6
9,1.95849,0.3875,0.1,fedasync,6
10,1.88988,0.4175,0.1,fedasync,6
11,1.85538,0.42125,0.1,fedasync,6
12,1.86035,0.35125,0.1,fedasync,6
13,1.7919,0.4675,0.1,fedasync,6
14,1.73104,0.51,0.1,fedasync,6
15,1.67977,0.52625,0.1,fedasync,6
16,1.68173,0.50875,0.1,fedasync,6
17,1.58722,0.5875,0.1,fedasync,6
18,1.54295,0.59625,0.1,fedasync,6
19,1.51223,0.605,0.1,fedasync,6
20,1.52227,0.5675,0.1,fedasync,6
21,1.43158,0.6075,0.1,fedasync,6
22,1.45004,0.57125,0.1,fedasync,6
23,1.40138,0.58625,0.1,fedasync,6
24,1.42385,0.54,0.1,fedasync,6
25,1.34771,0.60125,0.1,fedasync,6
26,1.30096,0.62375,0.1,fedasync,6
27,1.29488,0.60375,0.1,fedasync,6
28,1.22692,0.63,0.1,fedasync,6
29,1.2398,0.62625,0.1,fedasync,6
30,1.19115,0.66375,0.1,fedasync,6
31,1.16457,0.6675,0.1,fedasync,6
32,1.14997,0.68375,0.1,fedasync,6
33,1.16032,0.6525,0.1,fedasync,6
34,1.19713,0.61875,0.1,fedasync,6
35,1.17818,0.63875,0.1,fedasync,6
36,1.17317,0.62875,0.1,fedasync,6
37,1.08172,0.66,0.1,fedasync,6
38,1.02599,0.69875,0.1,fedasync,6
39,1.0562,0.63375,0.1,fedasync,6
40,1.13242,0.5875,0.1,fedasync,6
41,1.05942,0.645,0.1,fedasync,6
42,0.99097,0.6875,0.1,fedasync,6
43,0.99746,0.675,0.1,fedasync,6
44,0.97651,0.67125,0.1,fedasync,6
45,0.96228,0.72125,0.1,fedasync,6
46,0.90787,0.74625,0.1,fedasync,6
47,0.88247,0.74125,0.1,fedasync,6
48,0.92142,0.68625,0.1,fedasync,6
49,1.00072,0.63375,0.1,fedasync,6
50,1.01023,0.63375,0.1,fedasync,6
51,0.93775,0.67875,0.1,fedasync,6
52,0.9696,0.62625,0.1,fedasync,6
53,0.98493,0.65625,0.1,fedasync,6
54,1.00266,0.62625,0.1,fedasync,6
55,1.02806,0.6425,0.1,fedasync,6
56,1.04741,0.60875,0.1,fedasync,6
57,1.07856,0.62375,0.1,fedasync,6
58,1.14797,0.60125,0.1,fedasync,6
59,1.24046,0.57125,0.1,fedasync,6
60,1.35132,0.53625,0.1,fedasync,6
61,1.20635,0.59625,0.1,fedasync,6
62,1.30124,0.5675,0.1,fedasync,6
63,1.01455,0.64375,0.1,fedasync,6
64,0.99746,0.645,0.1,fedasync,6
65,1.06574,0.63125,0.1,fedasync,6
66,1.15382,0.59,0.1,fedasync,6
67,1.26157,0.54875,0.1,fedasync,6
68,1.03565,0.6375,0.1,fedasync,6
69,1.14074,0.595,0.1,fedasync,6
70,1.04514,0.61625,0.1,fedasync,6
71,0.98134,0.65125,0.1,fedasync,6
72,0.83235,0.72,0.1,fedasync,6
73,0.86339,0.685,0.1,fedasync,6
74,0.93573,0.63875,0.1,fedasync,6
75,0.90854,0.68,0.1,fedasync,6
76,0.96465,0.6625,0.1,fedasync,6
77,1.05069,0.63,0.1,fedasync,6
78,0.8839,0.70375,0.1,fedasync,6
79,0.87838,0.70875,0.1,fedasync,6
80,0.92425,0.66625,0.1,fedasync,6
81,0.90017,0.64875,0.1,fedasync,6
82,0.91074,0.675,0.1,fedasync,6
83,0.80927,0.7225,0.1,fedasync,6
84,0.86011,0.67375,0.1,fedasync,6
85,0.8711,0.655,0.1,fedasync,6
86,0.93331,0.63125,0.1,fedasync,6
87,0.79469,0.6925,0.1,fedasync,6
88,0.79121,0.715,0.1,fedasync,6
89,0.82661,0.68,0.1,fedasync,6
90,0.74495,0.73125,0.1,fedasync,6
91,0.78264,0.69625,0.1,fedasync,6
92,0.84977,0.66,0.1,fedasync,6
93,0.78584,0.705,0.1,fedasync,6
94,0.73702,0.73625,0.1,fedasync,6
95,0.67376,0.7825,0.1,fedasync,6
96,0.72724,0.7325,0.1,fedasync,6
97,0.75549,0.705,0.1,fedasync,6
98,0.70889,0.7475,0.1,fedasync,6
99,0.78202,0.70875,0.1,fedasync,6
100,0.87984,0.68,0.1,fedasync,6
101,0.73033,0.745,0.1,fedasync,6
102,0.69761,0.75625,0.1,fedasync,6
103,0.66402,0.77875,0.1,fedasync,6
104,0.65512,0.7875,0.1,fedasync,6
105,0.63795,0.80125,0.1,fedasync,6
106,0.66628,0.79,0.1,fedasync,6
107,0.65763,0.77375,0.1,fedasync,6
108,0.60953,0.80125,0.1,fedasync,6
109,0.62913,0.8025,0.1,fedasync,6
110,0.60891,0.8025,0.1,fedasync,6
111,0.62221,0.8025,0.1,fedasync,6
112,0.62797,0.79625,0.1,fedasync,6
113,0.65987,0.78875,0.1,fedasync,6
114,0.72559,0.755,0.1,fedasync,6
115,0.73407,0.73,0.1,fedasync,6
116,0.72056,0.73375,0.1,fedasync,6
117,0.77483,0.72,0.1,fedasync,6
118,0.67326,0.7675,0.1,fedasync,6
119,0.73509,0.73375,0.1,fedasync,6
120,0.76609,0.70375,0.1,fedasync,6
121,0.69279,0.7425,0.1,fedasync,6
122,0.75981,0.7025,0.1,fedasync,6
123,0.67559,0.7475,0.1,fedasync,6
124,0.66585,0.755,0.1,fedasync,6
125,0.61309,0.79875,0.1,fedasync,6
126,0.65754,0.7575,0.1,fedasync,6
127,0.59915,0.79,0.1,fedasync,6
128,0.57753,0.79875,0.1,fedasync,6
129,0.57907,0.79875,0.1,fedasync,6
130,0.61164,0.7725,0.1,fedasync,6
131,0.68034,0.74625,0.1,fedasync,6
132,0.77493,0.71125,0.1,fedasync,6
133,0.72326,0.725,0.1,fedasync,6
134,0.75621,0.7175,0.1,fedasync,6
135,0.82502,0.69,0.1,fedasync,6
136,0.88667,0.68125,0.1,fedasync,6
137,0.97442,0.66125,0.1,fedasync,6
138,1.02785,0.63875,0.1,fedasync,6
139,0.81354,0.7125,0.1,fedasync,6
140,0.7426,0.74125,0.1,fedasync,6
141,0.72885,0.745,0.1,fedasync,6
142,0.75008,0.7325,0.1,fedasync,6
143,0.82969,0.7225,0.1,fedasync,6
144,0.63394,0.76875,0.1,fedasync,6
145,0.69834,0.75125,0.1,fedasync,6
146,0.7073,0.735,0.1,fedasync,6
147,0.77075,0.71875,0.1,fedasync,6
148,0.72958,0.7325,0.1,fedasync,6
149,0.71227,0.7325,0.1,fedasync,6
150,0.62169,0.77125,0.1,fedasync,6
1,2.76311,0.225,0.5,fedasync,6
2,2.36219,0.20375,0.5,fedasync,6
3,2.11612,0.1975,0.5,fedasync,6
4,2.03434,0.22625,0.5,fedasync,6
5,1.92633,0.2975,0.5,fedasync,6
6,1.96882,0.4175,0.5,fedasync,6
7,1.6142,0.37,0.5,fedasync,6
8,1.85115,0.28625,0.5,fedasync,6
9,2.89559,0.28875,0.5,fedasync,6
10,1.68348,0.46125,0.5,fedasync,6
11,2.70415,0.32625,0.5,fedasync,6
12,3.27073,0.29375,0.5,fedasync,6
13,1.99059,0.4675,0.5,fedasync,6
14,1.56488,0.515,0.5,fedasync,6
15,1.75749,0.47375,0.5,fedasync,6
16,1.30329,0.625,0.5,fedasync,6
17,1.20082,0.5475,0.5,fedasync,6
18,1.03941,0.6575,0.5,fedasync,6
19,1.54768,0.51875,0.5,fedasync,6
20,1.15587,0.62375,0.5,fedasync,6
21,1.13093,0.59375,0.5,fedasync,6
22,1.17094,0.59625,0.5,fedasync,6
23,1.39722,0.50375,0.5,fedasync,6
24,1.39155,0.555,0.5,fedasync,6
25,1.39085,0.54375,0.5,fedasync,6
26,1.24965,0.57625,0.5,fedasync,6
27,2.10877,0.485,0.5,fedasync,6
28,1.49283,0.60375,0.5,fedasync,6
29,1.93505,0.4975,0.5,fedasync,6
30,1.21748,0.62125,0.5,fedasync,6
31,1.01852,0.665,0.5,fedasync,6
32,1.003,0.6925,0.5,fedasync,6
33,1.18307,0.685,0.5,fedasync,6
34,1.37304,0.6325,0.5,fedasync,6
35,1.21671,0.67625,0.5,fedasync,6
36,1.44759,0.6275,0.5,fedasync,6
37,1.44687,0.575,0.5,fedasync,6
38,1.44366,0.58375,0.5,fedasync,6
39,1.33983,0.5975,0.5,fedasync,6
40,2.0396,0.5125,0.5,fedasync,6
41,1.81301,0.54625,0.5,fedasync,6
42,0.94537,0.665,0.5,fedasync,6
43,0.86617,0.70625,0.5,fedasync,6
44,0.8094,0.74125,0.5,fedasync,6
45,0.99144,0.66625,0.5,fedasync,6
46,0.80519,0.70875,0.5,fedasync,6
47,0.83159,0.71625,0.5,fedasync,6
48,1.00205,0.65875,0.5,fedasync,6
49,1.59474,0.57375,0.5,fedasync,6
50,1.50694,0.54625,0.5,fedasync,6
51,1.07331,0.635,0.5,fedasync,6
52,1.45213,0.59,0.5,fedasync,6
53,1.47451,0.56375,0.5,fedasync,6
54,1.2066,0.6075,0.5,fedasync,6
55,1.28478,0.61125,0.5,fedasync,6
56,1.23976,0.64375,0.5,fedasync,6
57,1.5678,0.58375,0.5,fedasync,6
58,2.16275,0.50125,0.5,fedasync,6
59,2.50575,0.46375,0.5,fedasync,6
60,2.67656,0.455,0.5,fedasync,6
61,1.38996,0.615,0.5,fedasync,6
62,1.59298,0.60375,0.5,fedasync,6
63,0.77183,0.7375,0.5,fedasync,6
64,0.92104,0.6875,0.5,fedasync,6
65,0.96662,0.71375,0.5,fedasync,6
66,1.49056,0.6,0.5,fedasync,6
67,1.87873,0.5375,0.5,fedasync,6
68,0.74547,0.78625,0.5,fedasync,6
69,1.13844,0.70875,0.5,fedasync,6
70,1.06213,0.6825,0.5,fedasync,6
71,0.88024,0.71,0.5,fedasync,6
72,0.76132,0.74,0.5,fedasync,6
73,0.98659,0.69375,0.5,fedasync,6
74,1.22172,0.6475,0.5,fedasync,6
75,0.85015,0.75125,0.5,fedasync,6
76,1.3173,0.665,0.5,fedasync,6
77,1.67716,0.59625,0.5,fedasync,6
78,0.83248,0.72,0.5,fedasync,6
79,0.79297,0.7375,0.5,fedasync,6
80,1.00735,0.6825,0.5,fedasync,6
81,1.01193,0.66,0.5,fedasync,6
82,0.90495,0.71375,0.5,fedasync,6
83,0.66774,0.81,0.5,fedasync,6
84,0.8125,0.785,0.5,fedasync,6
85,0.95849,0.72375,0.5,fedasync,6
86,1.70183,0.58625,0.5,fedasync,6
87,1.1908,0.6975,0.5,fedasync,6
88,0.95231,0.73375,0.5,fedasync,6
89,0.92999,0.7525,0.5,fedasync,6
90,1.01841,0.71125,0.5,fedasync,6
91,0.90481,0.71375,0.5,fedasync,6
92,0.98543,0.69375,0.5,fedasync,6
93,0.75966,0.78625,0.5,fedasync,6
94,0.87882,0.76625,0.5,fedasync,6
95,0.57692,0.82125,0.5,fedasync,6
96,0.69017,0.7825,0.5,fedasync,6
97,0.6993,0.77125,0.5,fedasync,6
98,0.8728,0.74125,0.5,fedasync,6
99,0.92256,0.72125,0.5,fedasync,6
100,1.07177,0.695,0.5,fedasync,6
101,0.72703,0.80125,0.5,fedasync,6
102,0.77314,0.75875,0.5,fedasync,6
103,0.62617,0.81875,0.5,fedasync,6
104,0.90271,0.77875,0.5,fedasync,6
105,0.79548,0.79125,0.5,fedasync,6
106,1.15608,0.7325,0.5,fedasync,6
107,0.78204,0.76625,0.5,fedasync,6
108,0.62691,0.8125,0.5,fedasync,6
109,0.84921,0.7475,0.5,fedasync,6
110,0.93975,0.75125,0.5,fedasync,6
111,0.56578,0.81625,0.5,fedasync,6
112,0.61224,0.8225,0.5,fedasync,6
113,0.86108,0.78,0.5,fedasync,6
114,1.26168,0.705,0.5,fedasync,6
115,0.79531,0.7575,0.5,fedasync,6
116,0.71218,0.80125,0.5,fedasync,6
117,1.01181,0.7125,0.5,fedasync,6
118,0.74419,0.785,0.5,fedasync,6
119,0.93145,0.7275,0.5,fedasync,6
120,0.79809,0.76,0.5,fedasync,6
121,0.65616,0.81375,0.5,fedasync,6
122,0.84828,0.77375,0.5,fedasync,6
123,0.76745,0.78875,0.5,fedasync,6
124,1.25509,0.70625,0.5,fedasync,6
125,0.74846,0.78875,0.5,fedasync,6
126,0.74206,0.7775,0.5,fedasync,6
127,0.60431,0.835,0.5,fedasync,6
128,0.67659,0.815,0.5,fedasync,6
129,0.74861,0.79,0.5,fedasync,6
130,0.83059,0.78,0.5,fedasync,6
131,1.21144,0.69875,0.5,fedasync,6
132,1.49039,0.66,0.5,fedasync,6
133,0.84525,0.7875,0.5,fedasync,6
134,0.92288,0.75875,0.5,fedasync,6
135,1.11137,0.72,0.5,fedasync,6
136,1.05367,0.73,0.5,fedasync,6
137,1.43282,0.65875,0.5,fedasync,6
138,1.13475,0.7125,0.5,fedasync,6
139,0.71619,0.7925,0.5,fedasync,6
140,1.1523,0.73,0.5,fedasync,6
141,0.7781,0.7925,0.5,fedasync,6
142,0.7088,0.8,0.5,fedasync,6
143,0.79731,0.78625,0.5,fedasync,6
144,0.6543,0.8225,0.5,fedasync,6
145,0.68266,0.83375,0.5,fedasync,6
146,0.69095,0.815,0.5,fedasync,6
147,1.00194,0.73875,0.5,fedasync,6
148,0.64957,0.825,0.5,fedasync,6
149,0.64774,0.8225,0.5,fedasync,6
150,0.75528,0.805,0.5,fedasync,6
1,4.38638,0.2225,0.9,fedasync,6
2,4.03001,0.21375,0.9,fedasync,6
3,3.4274,0.16375,0.9,fedasync,6
4,3.55689,0.18,0.9,fedasync,6
5,4.02658,0.1625,0.9,fedasync,6
6,3.42862,0.25125,0.9,fedasync,6
7,3.34205,0.2475,0.9,fedasync,6
8,3.47128,0.21,0.9,fedasync,6
9,4.53454,0.24125,0.9,fedasync,6
10,3.53876,0.25,0.9,fedasync,6
11,4.73193,0.21875,0.9,fedasync,6
12,5.03339,0.22625,0.9,fedasync,6
13,5.65286,0.2475,0.9,fedasync,6
14,3.39284,0.30125,0.9,fedasync,6
15,3.66625,0.36,0.9,fedasync,6
16,3.17552,0.4025,0.9,fedasync,6
17,3.31087,0.30375,0.9,fedasync,6
18,3.84198,0.305,0.9,fedasync,6
19,4.94557,0.32,0.9,fedasync,6
20,2.59853,0.38875,0.9,fedasync,6
21,3.19159,0.31875,0.9,fedasync,6
22,2.77158,0.385,0.9,fedasync,6
23,3.22367,0.3325,0.9,fedasync,6
24,2.89744,0.39,0.9,fedasync,6
25,3.55615,0.35125,0.9,fedasync,6
26,2.45097,0.385,0.9,fedasync,6
27,4.21817,0.36,0.9,fedasync,6
28,3.71967,0.43875,0.9,fedasync,6
29,4.61684,0.35875,0.9,fedasync,6
30,2.30797,0.47625,0.9,fedasync,6
31,2.80953,0.4275,0.9,fedasync,6
32,2.16535,0.5,0.9,fedasync,6
33,2.23841,0.48875,0.9,fedasync,6
34,2.28702,0.485,0.9,fedasync,6
35,3.41191,0.45875,0.9,fedasync,6
36,3.38541,0.4,0.9,fedasync,6
37,3.38783,0.37375,0.9,fedasync,6
38,3.43637,0.4275,0.9,fedasync,6
39,4.07241,0.265,0.9,fedasync,6
40,4.69947,0.2425,0.9,fedasync,6
41,3.61653,0.4125,0.9,fedasync,6
42,2.59786,0.48375,0.9,fedasync,6
43,2.08251,0.51875,0.9,fedasync,6
44,3.08606,0.38375,0.9,fedasync,6
45,2.83587,0.45,0.9,fedasync,6
46,2.62889,0.46125,0.9,fedasync,6
47,3.20834,0.39375,0.9,fedasync,6
48,3.68451,0.285,0.9,fedasync,6
49,4.04383,0.28375,0.9,fedasync,6
50,4.20464,0.37375,0.9,fedasync,6
51,3.19725,0.42625,0.9,fedasync,6
52,3.66632,0.38875,0.9,fedasync,6
53,3.52452,0.425,0.9,fedasync,6
54,3.21569,0.34375,0.9,fedasync,6
55,3.75405,0.415,0.9,fedasync,6
56,3.13744,0.35875,0.9,fedasync,6
57,3.52156,0.40375,0.9,fedasync,6
58,3.8107,0.39375,0.9,fedasync,6
59,4.02598,0.39625,0.9,fedasync,6
60,4.20953,0.40125,0.9,fedasync,6
61,2.89809,0.3875,0.9,fedasync,6
62,3.76221,0.41125,0.9,fedasync,6
63,2.62508,0.47125,0.9,fedasync,6
64,3.08106,0.39625,0.9,fedasync,6
65,3.15242,0.4225,0.9,fedasync,6
66,3.61049,0.40625,0.9,fedasync,6
67,3.7703,0.40625,0.9,fedasync,6
68,1.90983,0.54,0.9,fedasync,6
69,3.07236,0.4875,0.9,fedasync,6
70,2.73727,0.425,0.9,fedasync,6
71,2.97979,0.39,0.9,fedasync,6
72,2.41866,0.47125,0.9,fedasync,6
73,2.62684,0.4275,0.9,fedasync,6
74,2.85859,0.41125,0.9,fedasync,6
75,2.82647,0.53,0.9,fedasync,6
76,3.19052,0.49375,0.9,fedasync,6
77,3.34674,0.49125,0.9,fedasync,6
78,2.61335,0.52875,0.9,fedasync,6
79,2.90491,0.45625,0.9,fedasync,6
80,3.47756,0.4225,0.9,fedasync,6
81,2.91441,0.43375,0.9,fedasync,6
82,2.60411,0.5025,0.9,fedasync,6
83,1.56247,0.625,0.9,fedasync,6
84,1.98146,0.58375,0.9,fedasync,6
85,2.58082,0.45375,0.9,fedasync,6
86,3.19663,0.405,0.9,fedasync,6
87,2.47402,0.58375,0.9,fedasync,6
88,2.29591,0.555,0.9,fedasync,6
89,2.19265,0.58,0.9,fedasync,6
90,2.34919,0.565,0.9,fedasync,6
91,2.37456,0.48625,0.9,fedasync,6
92,2.18908,0.50625,0.9,fedasync,6
93,1.93329,0.56,0.9,fedasync,6
94,2.72921,0.55625,0.9,fedasync,6
95,2.04717,0.5875,0.9,fedasync,6
96,2.10644,0.56625,0.9,fedasync,6
97,2.29271,0.515,0.9,fedasync,6
98,2.32088,0.6025,0.9,fedasync,6
99,2.0533,0.6125,0.9,fedasync,6
100,2.15899,0.605,0.9,fedasync,6
101,2.63335,0.5675,0.9,fedasync,6
102,2.25621,0.57,0.9,fedasync,6
103,1.38634,0.6975,0.9,fedasync,6
104,2.2219,0.635,0.9,fedasync,6
105,1.63712,0.6725,0.9,fedasync,6
106,2.38548,0.60625,0.9,fedasync,6
107,2.19538,0.55125,0.9,fedasync,6
108,2.08152,0.6175,0.9,fedasync,6
109,1.991,0.56625,0.9,fedasync,6
110,2.23873,0.5925,0.9,fedasync,6
111,2.36043,0.60875,0.9,fedasync,6
112,2.00409,0.63875,0.9,fedasync,6
113,2.91451,0.56875,0.9,fedasync,6
114,2.99657,0.55625,0.9,fedasync,6
115,2.21249,0.56875,0.9,fedasync,6
116,2.19807,0.55375,0.9,fedasync,6
117,2.47248,0.52375,0.9,fedasync,6
118,2.18191,0.59375,0.9,fedasync,6
119,2.14388,0.57125,0.9,fedasync,6
120,2.16293,0.57125,0.9,fedasync,6
121,1.77876,0.6275,0.9,fedasync,6
122,1.95876,0.56625,0.9,fedasync,6
123,1.95478,0.635,0.9,fedasync,6
124,2.26751,0.61,0.9,fedasync,6
125,2.17623,0.64125,0.9,fedasync,6
126,1.87768,0.61875,0.9,fedasync,6
127,1.43246,0.67125,0.9,fedasync,6
128,1.45225,0.65125,0.9,fedasync,6
129,1.45923,0.64875,0.9,fedasync,6
130,1.93505,0.61125,0.9,fedasync,6
131,2.22263,0.59375,0.9,fedasync,6
132,2.32736,0.575,0.9,fedasync,6
133,1.4662,0.645,0.9,fedasync,6
134,2.09883,0.6275,0.9,fedasync,6
135,2.1212,0.6225,0.9,fedasync,6
136,2.13089,0.5625,0.9,fedasync,6
137,2.45452,0.54375,0.9,fedasync,6
138,2.05032,0.60875,0.9,fedasync,6
139,1.95795,0.64,0.9,fedasync,6
140,2.36188,0.60875,0.9,fedasync,6
141,1.35689,0.705,0.9,fedasync,6
142,1.72729,0.64625,0.9,fedasync,6
143,1.92827,0.64375,0.9,fedasync,6
144,2.4904,0.62625,0.9,fedasync,6
145,1.44227,0.685,0.9,fedasync,6
146,1.74562,0.6175,0.9,fedasync,6
147,1.97398,0.595,0.9,fedasync,6
148,1.35795,0.68875,0.9,fedasync,6
149,1.3246,0.69,0.9,fedasync,6
150,1.88293,0.66125,0.9,fedasync,6
1,5.36541,0.21125,,afl,7
2,2.25969,0.26625,,afl,7
3,1.91234,0.4475,,afl,7
4,1.91428,0.37125,,afl,7
5,1.83582,0.49625,,afl,7
6,1.69428,0.45875,,afl,7
7,1.62594,0.465,,afl,7
8,1.57105,0.49375,,afl,7
9,1.58103,0.505,,afl,7
10,1.52961,0.5,,afl,7
11,1.50832,0.50375,,afl,7
12,1.50816,0.49,,afl,7
13,1.47759,0.495,,afl,7
14,1.46723,0.50375,,afl,7
15,1.4288,0.5075,,afl,7
16,1.40136,0.5275,,afl,7
17,1.3708,0.5525,,afl,7
18,1.36925,0.53875,,afl,7
19,1.37296,0.53625,,afl,7
20,1.36652,0.5275,,afl,7
21,1.37252,0.52125,,afl,7
22,1.3395,0.54375,,afl,7
23,1.31885,0.5575,,afl,7
24,1.29664,0.56875,,afl,7
25,1.27842,0.57875,,afl,7
26,1.28403,0.575,,afl,7
27,1.27057,0.5775,,afl,7
28,1.24776,0.59125,,afl,7
29,1.22978,0.60625,,afl,7
30,1.21989,0.60875,,afl,7
31,1.21319,0.61,,afl,7
32,1.21672,0.6025,,afl,7
33,1.21496,0.6075,,afl,7
34,1.215,0.61125,,afl,7
35,1.21626,0.61875,,afl,7
36,1.21906,0.6125,,afl,7
37,1.22299,0.61375,,afl,7
38,1.21709,0.61,,afl,7
39,1.22146,0.60875,,afl,7
40,1.22671,0.60875,,afl,7
41,1.23273,0.60625,,afl,7
42,1.20849,0.6075,,afl,7
43,1.215,0.60375,,afl,7
44,1.2128,0.60875,,afl,7
45,1.21168,0.61875,,afl,7
46,1.19879,0.625,,afl,7
47,1.18825,0.63625,,afl,7
48,1.18177,0.64125,,afl,7
49,1.18235,0.64625,,afl,7
50,1.17694,0.64875,,afl,7
51,1.15606,0.64375,,afl,7
52,1.1393,0.635,,afl,7
53,1.13235,0.64375,,afl,7
54,1.11966,0.64375,,afl,7
55,1.10973,0.64125,,afl,7
56,1.10898,0.64125,,afl,7
57,1.11214,0.63875,,afl,7
58,1.10642,0.64125,,afl,7
59,1.09851,0.63375,,afl,7
60,1.10157,0.63375,,afl,7
61,1.09588,0.6325,,afl,7
62,1.0991,0.63375,,afl,7
63,1.10262,0.62875,,afl,7
64,1.09855,0.63125,,afl,7
65,1.10212,0.6275,,afl,7
66,1.09838,0.63,,afl,7
67,1.0955,0.63125,,afl,7
68,1.08682,0.635,,afl,7
69,1.08485,0.635,,afl,7
70,1.0878,0.62875,,afl,7
71,1.08701,0.64,,afl,7
72,1.08724,0.63875,,afl,7
73,1.0853,0.645,,afl,7
74,1.07717,0.64875,,afl,7
75,1.07005,0.6525,,afl,7
76,1.06612,0.64625,,afl,7
77,1.06834,0.64625,,afl,7
78,1.07077,0.64625,,afl,7
79,1.07339,0.64375,,afl,7
80,1.07144,0.64875,,afl,7
81,1.07168,0.6575,,afl,7
82,1.06502,0.66125,,afl,7
83,1.06584,0.66125,,afl,7
84,1.05934,0.67,,afl,7
85,1.06077,0.67125,,afl,7
86,1.05729,0.67,,afl,7
87,1.05463,0.665,,afl,7
88,1.05281,0.66125,,afl,7
89,1.04629,0.665,,afl,7
90,1.04778,0.66375,,afl,7
91,1.04583,0.665,,afl,7
92,1.04423,0.66625,,afl,7
93,1.04219,0.665,,afl,7
94,1.03611,0.6675,,afl,7
95,1.03782,0.67125,,afl,7
96,1.03211,0.67125,,afl,7
97,1.03031,0.67125,,afl,7
98,1.02481,0.67,,afl,7
99,1.02344,0.66375,,afl,7
100,1.01828,0.66625,,afl,7
101,1.01357,0.66625,,afl,7
102,1.01522,0.67,,afl,7
103,1.01385,0.67375,,afl,7
104,1.016,0.67625,,afl,7
105,1.01456,0.675,,afl,7
106,1.01729,0.675,,afl,7
107,1.01226,0.6775,,afl,7
108,1.01539,0.6775,,afl,7
109,1.01065,0.67625,,afl,7
110,1.01374,0.67625,,afl,7
111,1.0174,0.6775,,afl,7
112,1.01613,0.685,,afl,7
113,1.01507,0.69,,afl,7
114,1.01855,0.68875,,afl,7
115,1.01384,0.69,,afl,7
116,1.0176,0.68625,,afl,7
117,1.01575,0.6875,,afl,7
118,1.01473,0.69375,,afl,7
119,1.01014,0.695,,afl,7
120,1.01366,0.69,,afl,7
121,1.01679,0.6875,,afl,7
122,1.01227,0.69125,,afl,7
123,1.01117,0.69,,afl,7
124,1.01409,0.68875,,afl,7
125,1.01738,0.68875,,afl,7
126,1.01664,0.69125,,afl,7
127,1.02001,0.68875,,afl,7
128,1.02351,0.6875,,afl,7
129,1.02198,0.68875,,afl,7
130,1.02074,0.6875,,afl,7
131,1.01977,0.6875,,afl,7
132,1.01907,0.6875,,afl,7
133,1.01834,0.6875,,afl,7
134,1.01398,0.68625,,afl,7
135,1.01166,0.6875,,afl,7
136,1.01114,0.68625,,afl,7
137,1.01046,0.6875,,afl,7
138,1.01009,0.68625,,afl,7
139,1.00989,0.6875,,afl,7
140,1.00775,0.68625,,afl,7
141,1.01027,0.685,,afl,7
142,1.01008,0.685,,afl,7
143,1.00596,0.6875,,afl,7
144,1.00593,0.68875,,afl,7
145,1.00838,0.68625,,afl,7
146,1.00642,0.68625,,afl,7
147,1.009,0.68625,,afl,7
148,1.00722,0.68625,,afl,7
149,1.00629,0.68625,,afl,7
150,1.00611,0.68625,,afl,7
1,2.33358,0.145,0.1,fedasync,7
2,2.26321,0.20125,0.1,fedasync,7
3,2.20931,0.23,0.1,fedasync,7
4,2.17517,0.2725,0.1,fedasync,7
5,2.1529,0.3675,0.1,fedasync,7
6,2.0941,0.39,0.1,fedasync,7
7,2.04197,0.38125,0.1,fedasync,7
8,2.02169,0.43875,0.1,fedasync,7
9,2.03764,0.37125,0.1,fedasync,7
10,1.97958,0.42625,0.1,fedasync,7
11,1.92555,0.4275,0.1,fedasync,7
12,1.89838,0.38125,0.1,fedasync,7
13,1.8099,0.44625,0.1,fedasync,7
14,1.80778,0.41125,0.1,fedasync,7
15,1.73223,0.44375,0.1,fedasync,7
16,1.67537,0.5075,0.1,fedasync,7
17,1.62354,0.53125,0.1,fedasync,7
18,1.6344,0.47875,0.1,fedasync,7
19,1.70924,0.39875,0.1,fedasync,7
20,1.63254,0.455,0.1,fedasync,7
21,1.72768,0.37375,0.1,fedasync,7
22,1.5429,0.5275,0.1,fedasync,7
23,1.47434,0.585,0.1,fedasync,7
24,1.39035,0.60875,0.1,fedasync,7
25,1.368,0.6125,0.1,fedasync,7
26,1.39242,0.55625,0.1,fedasync,7
27,1.39015,0.5675,0.1,fedasync,7
28,1.30411,0.6325,0.1,fedasync,7
29,1.2983,0.62125,0.1,fedasync,7
30,1.3047,0.6075,0.1,fedasync,7
31,1.35329,0.575,0.1,fedasync,7
32,1.30508,0.61875,0.1,fedasync,7
33,1.28089,0.6475,0.1,fedasync,7
34,1.30258,0.6475,0.1,fedasync,7
35,1.33213,0.6325,0.1,fedasync,7
36,1.33631,0.6525,0.1,fedasync,7
37,1.38775,0.58625,0.1,fedasync,7
38,1.35169,0.6075,0.1,fedasync,7
39,1.41508,0.5575,0.1,fedasync,7
40,1.51131,0.4975,0.1,fedasync,7
41,1.63247,0.46125,0.1,fedasync,7
42,1.32258,0.5225,0.1,fedasync,7
43,1.44423,0.48375,0.1,fedasync,7
44,1.26372,0.5775,0.1,fedasync,7
45,1.23958,0.62,0.1,fedasync,7
46,1.16713,0.66875,0.1,fedasync,7
47,1.16314,0.65375,0.1,fedasync,7
48,1.11754,0.68375,0.1,fedasync,7
49,1.16835,0.6575,0.1,fedasync,7
50,1.15881,0.67375,0.1,fedasync,7
51,0.98188,0.6975,0.1,fedasync,7
52,0.91621,0.715,0.1,fedasync,7
53,0.97083,0.65625,0.1,fedasync,7
54,0.96646,0.65375,0.1,fedasync,7
55,1.01693,0.63125,0.1,fedasync,7
56,0.97314,0.65125,0.1,fedasync,7
57,0.86739,0.73875,0.1,fedasync,7
58,0.89977,0.70875,0.1,fedasync,7
59,0.92033,0.6975,0.1,fedasync,7
60,0.89807,0.71875,0.1,fedasync,7
61,0.9446,0.6875,0.1,fedasync,7
62,0.95738,0.67875,0.1,fedasync,7
63,1.00862,0.65375,0.1,fedasync,7
64,1.04691,0.62875,0.1,fedasync,7
65,1.09643,0.6,0.1,fedasync,7
66,1.02792,0.6475,0.1,fedasync,7
67,1.04351,0.6675,0.1,fedasync,7
68,0.85421,0.725,0.1,fedasync,7
69,0.9062,0.70875,0.1,fedasync,7
70,0.90812,0.7,0.1,fedasync,7
71,0.96543,0.68375,0.1,fedasync,7
72,1.05334,0.64375,0.1,fedasync,7
73,1.01402,0.66,0.1,fedasync,7
74,0.87935,0.7175,0.1,fedasync,7
75,0.84111,0.74,0.1,fedasync,7
76,0.76273,0.76625,0.1,fedasync,7
77,0.75,0.7675,0.1,fedasync,7
78,0.77588,0.75375,0.1,fedasync,7
79,0.82272,0.7325,0.1,fedasync,7
80,0.78293,0.75,0.1,fedasync,7
81,0.8111,0.73,0.1,fedasync,7
82,0.76945,0.75125,0.1,fedasync,7
83,0.81847,0.74375,0.1,fedasync,7
84,0.80506,0.75125,0.1,fedasync,7
85,0.86121,0.72625,0.1,fedasync,7
86,0.76212,0.7625,0.1,fedasync,7
87,0.75213,0.75375,0.1,fedasync,7
88,0.80023,0.71375,0.1,fedasync,7
89,0.72193,0.77125,0.1,fedasync,7
90,0.68214,0.7975,0.1,fedasync,7
91,0.65149,0.8,0.1,fedasync,7
92,0.66234,0.78375,0.1,fedasync,7
93,0.65734,0.77875,0.1,fedasync,7
94,0.63565,0.79625,0.1,fedasync,7
95,0.66546,0.78,0.1,fedasync,7
96,0.66737,0.785,0.1,fedasync,7
97,0.65915,0.79125,0.1,fedasync,7
98,0.67997,0.77125,0.1,fedasync,7
99,0.69686,0.76625,0.1,fedasync,7
100,0.72628,0.7325,0.1,fedasync,7
101,0.79982,0.70375,0.1,fedasync,7
102,0.71466,0.7575,0.1,fedasync,7
103,0.69295,0.7575,0.1,fedasync,7
104,0.7405,0.73375,0.1,fedasync,7
105,0.71339,0.7425,0.1,fedasync,7
106,0.78521,0.7125,0.1,fedasync,7
107,0.73993,0.74,0.1,fedasync,7
108,0.81746,0.70875,0.1,fedasync,7
109,0.79436,0.72625,0.1,fedasync,7
110,0.87023,0.69,0.1,fedasync,7
111,0.96975,0.665,0.1,fedasync,7
112,0.94663,0.66875,0.1,fedasync,7
113,0.95845,0.65625,0.1,fedasync,7
114,1.05886,0.6325,0.1,fedasync,7
115,0.96708,0.66125,0.1,fedasync,7
116,1.05854,0.64625,0.1,fedasync,7
117,0.88214,0.6925,0.1,fedasync,7
118,0.88353,0.68875,0.1,fedasync,7
119,0.83155,0.7,0.1,fedasync,7
120,0.9146,0.6725,0.1,fedasync,7
121,1.01804,0.65625,0.1,fedasync,7
122,0.94783,0.66875,0.1,fedasync,7
123,0.69625,0.7825,0.1,fedasync,7
124,0.7217,0.7775,0.1,fedasync,7
125,0.77658,0.74625,0.1,fedasync,7
126,0.80019,0.73,0.1,fedasync,7
127,0.87082,0.71375,0.1,fedasync,7
128,0.95704,0.68375,0.1,fedasync,7
129,0.78779,0.74625,0.1,fedasync,7
130,0.77918,0.75,0.1,fedasync,7
131,0.7942,0.7425,0.1,fedasync,7
132,0.80893,0.73875,0.1,fedasync,7
133,0.83189,0.7325,0.1,fedasync,7
134,0.79198,0.7575,0.1,fedasync,7
135,0.63172,0.805,0.1,fedasync,7
136,0.66467,0.795,0.1,fedasync,7
137,0.66986,0.77875,0.1,fedasync,7
138,0.70583,0.77625,0.1,fedasync,7
139,0.75416,0.76,0.1,fedasync,7
140,0.65397,0.78875,0.1,fedasync,7
141,0.6652,0.7775,0.1,fedasync,7
142,0.70427,0.75875,0.1,fedasync,7
143,0.64323,0.80125,0.1,fedasync,7
144,0.68813,0.78375,0.1,fedasync,7
145,0.69614,0.78,0.1,fedasync,7
146,0.6391,0.7825,0.1,fedasync,7
147,0.68257,0.7725,0.1,fedasync,7
148,0.67706,0.76,0.1,fedasync,7
149,0.64522,0.765,0.1,fedasync,7
150,0.65347,0.7675,0.1,fedasync,7
1,2.78978,0.21125,0.5,fedasync,7
2,2.08945,0.30875,0.5,fedasync,7
3,2.09862,0.365,0.5,fedasync,7
4,1.93003,0.345,0.5,fedasync,7
5,2.19779,0.36875,0.5,fedasync,7
6,1.66977,0.42375,0.5,fedasync,7
7,2.32904,0.32375,0.5,fedasync,7
8,1.68468,0.4775,0.5,fedasync,7
9,2.66498,0.3425,0.5,fedasync,7
10,1.72318,0.43625,0.5,fedasync,7
11,2.24999,0.45,0.5,fedasync,7
12,2.83882,0.42625,0.5,fedasync,7
13,2.12225,0.4725,0.5,fedasync,7
14,2.85597,0.33125,0.5,fedasync,7
15,1.75367,0.52625,0.5,fedasync,7
16,1.42523,0.50375,0.5,fedasync,7
17,1.61738,0.5375,0.5,fedasync,7
18,1.48677,0.51625,0.5,fedasync,7
19,2.10722,0.46,0.5,fedasync,7
20,1.24928,0.6425,0.5,fedasync,7
21,1.42286,0.5575,0.5,fedasync,7
22,1.2421,0.63625,0.5,fedasync,7
23,1.06292,0.68,0.5,fedasync,7
24,1.01341,0.635,0.5,fedasync,7
25,1.17692,0.595,0.5,fedasync,7
26,1.002,0.64625,0.5,fedasync,7
27,1.38505,0.61375,0.5,fedasync,7
28,1.08272,0.68125,0.5,fedasync,7
29,1.5931,0.59,0.5,fedasync,7
30,1.09589,0.68,0.5,fedasync,7
31,1.66907,0.55125,0.5,fedasync,7
32,1.40419,0.58375,0.5,fedasync,7
33,1.30081,0.69125,0.5,fedasync,7
34,1.7099,0.6325,0.5,fedasync,7
35,2.25606,0.5475,0.5,fedasync,7
36,2.16547,0.57375,0.5,fedasync,7
37,2.53361,0.52375,0.5,fedasync,7
38,1.49401,0.64375,0.5,fedasync,7
39,1.68096,0.61625,0.5,fedasync,7
40,1.92624,0.57375,0.5,fedasync,7
41,2.10349,0.545,0.5,fedasync,7
42,0.83232,0.73125,0.5,fedasync,7
43,0.93478,0.715,0.5,fedasync,7
44,0.75396,0.7625,0.5,fedasync,7
45,1.332,0.66375,0.5,fedasync,7
46,1.0967,0.675,0.5,fedasync,7
47,1.62488,0.59125,0.5,fedasync,7
48,0.97597,0.70125,0.5,fedasync,7
49,1.16052,0.69375,0.5,fedasync,7
50,1.14559,0.675,0.5,fedasync,7
51,0.79094,0.7125,0.5,fedasync,7
52,1.55331,0.52375,0.5,fedasync,7
53,1.23832,0.61,0.5,fedasync,7
54,1.46527,0.55625,0.5,fedasync,7
55,2.11598,0.4675,0.5,fedasync,7
56,0.99103,0.68875,0.5,fedasync,7
57,0.82999,0.74375,0.5,fedasync,7
58,0.92843,0.72,0.5,fedasync,7
59,1.183,0.64,0.5,fedasync,7
60,1.025,0.70125,0.5,fedasync,7
61,1.63189,0.5575,0.5,fedasync,7
62,1.3466,0.615,0.5,fedasync,7
63,1.46992,0.59,0.5,fedasync,7
64,1.93703,0.51125,0.5,fedasync,7
65,1.69556,0.56125,0.5,fedasync,7
66,1.20694,0.665,0.5,fedasync,7
67,1.71258,0.58875,0.5,fedasync,7
68,0.89097,0.72875,0.5,fedasync,7
69,1.32372,0.6525,0.5,fedasync,7
70,0.90715,0.73875,0.5,fedasync,7
71,1.25041,0.6775,0.5,fedasync,7
72,1.7643,0.61875,0.5,fedasync,7
73,1.00381,0.7275,0.5,fedasync,7
74,1.00294,0.6875,0.5,fedasync,7
75,1.53975,0.5925,0.5,fedasync,7
76,0.77665,0.735,0.5,fedasync,7
77,0.76066,0.7425,0.5,fedasync,7
78,0.90017,0.725,0.5,fedasync,7
79,1.02286,0.705,0.5,fedasync,7
80,0.81371,0.7525,0.5,fedasync,7
81,0.78375,0.75,0.5,fedasync,7
82,0.80046,0.74,0.5,fedasync,7
83,1.08141,0.70125,0.5,fedasync,7
84,1.08521,0.69375,0.5,fedasync,7
85,1.29527,0.675,0.5,fedasync,7
86,1.12437,0.68625,0.5,fedasync,7
87,1.85332,0.5625,0.5,fedasync,7
88,2.41956,0.4875,0.5,fedasync,7
89,0.96713,0.705,0.5,fedasync,7
90,0.74358,0.77,0.5,fedasync,7
91,0.76899,0.76625,0.5,fedasync,7
92,1.35374,0.69125,0.5,fedasync,7
93,1.17897,0.69,0.5,fedasync,7
94,0.67252,0.77875,0.5,fedasync,7
95,0.83483,0.75375,0.5,fedasync,7
96,0.96515,0.7125,0.5,fedasync,7
97,0.90322,0.735,0.5,fedasync,7
98,1.00031,0.705,0.5,fedasync,7
99,1.2907,0.65875,0.5,fedasync,7
100,1.21577,0.665,0.5,fedasync,7
101,1.55608,0.635,0.5,fedasync,7
102,1.62801,0.65625,0.5,fedasync,7
103,1.12499,0.71375,0.5,fedasync,7
104,1.44238,0.68375,0.5,fedasync,7
105,1.41829,0.665,0.5,fedasync,7
106,1.57868,0.65375,0.5,fedasync,7
107,0.68531,0.785,0.5,fedasync,7
108,1.13911,0.68875,0.5,fedasync,7
109,0.94093,0.72875,0.5,fedasync,7
110,1.26821,0.675,0.5,fedasync,7
111,1.77331,0.62125,0.5,fedasync,7
112,0.98625,0.73875,0.5,fedasync,7
113,1.51305,0.64,0.5,fedasync,7
114,1.18685,0.7,0.5,fedasync,7
115,0.94093,0.745,0.5,fedasync,7
116,1.20627,0.69875,0.5,fedasync,7
117,0.94231,0.7375,0.5,fedasync,7
118,0.8175,0.7425,0.5,fedasync,7
119,0.80043,0.76625,0.5,fedasync,7
120,0.91016,0.73875,0.5,fedasync,7
121,1.40019,0.65625,0.5,fedasync,7
122,1.12674,0.69875,0.5,fedasync,7
123,0.78333,0.79,0.5,fedasync,7
124,1.07483,0.735,0.5,fedasync,7
125,1.51965,0.675,0.5,fedasync,7
126,0.96542,0.765,0.5,fedasync,7
127,1.17543,0.7175,0.5,fedasync,7
128,1.5109,0.685,0.5,fedasync,7
129,1.02378,0.745,0.5,fedasync,7
130,1.07556,0.74125,0.5,fedasync,7
131,1.15687,0.7225,0.5,fedasync,7
132,1.11169,0.75,0.5,fedasync,7
133,1.04596,0.75,0.5,fedasync,7
134,0.92619,0.77125,0.5,fedasync,7
135,0.66552,0.8175,0.5,fedasync,7
136,0.67006,0.82375,0.5,fedasync,7
137,0.75323,0.78875,0.5,fedasync,7
138,0.73196,0.81,0.5,fedasync,7
139,0.80642,0.8025,0.5,fedasync,7
140,0.97136,0.73,0.5,fedasync,7
141,0.82582,0.77625,0.5,fedasync,7
142,0.72156,0.7975,0.5,fedasync,7
143,0.75972,0.7925,0.5,fedasync,7
144,0.75702,0.8025,0.5,fedasync,7
145,0.9254,0.7775,0.5,fedasync,7
146,0.83653,0.78125,0.5,fedasync,7
147,1.01431,0.74375,0.5,fedasync,7
148,1.10004,0.735,0.5,fedasync,7
149,0.6647,0.79625,0.5,fedasync,7
150,0.61333,0.81875,0.5,fedasync,7
1,4.6979,0.21125,0.9,fedasync,7
2,3.37148,0.21125,0.9,fedasync,7
3,5.34052,0.29375,0.9,fedasync,7
4,3.30023,0.1975,0.9,fedasync,7
5,4.1271,0.29875,0.9,fedasync,7
6,3.25088,0.21375,0.9,fedasync,7
7,5.10853,0.26,0.9,fedasync,7
8,4.97504,0.2625,0.9,fedasync,7
9,5.802,0.305,0.9,fedasync,7
10,4.13226,0.20125,0.9,fedasync,7
11,4.98282,0.2325,0.9,fedasync,7
12,5.69603,0.255,0.9,fedasync,7
13,4.25562,0.3075,0.9,fedasync,7
14,4.55794,0.30375,0.9,fedasync,7
15,3.06244,0.22,0.9,fedasync,7
16,4.02192,0.305,0.9,fedasync,7
17,3.17329,0.23875,0.9,fedasync,7
18,3.12729,0.31,0.9,fedasync,7
19,3.7092,0.2875,0.9,fedasync,7
20,3.68629,0.21125,0.9,fedasync,7
21,2.91881,0.355,0.9,fedasync,7
22,3.87859,0.37625,0.9,fedasync,7
23,2.69119,0.43875,0.9,fedasync,7
24,3.78277,0.36875,0.9,fedasync,7
25,2.28314,0.46375,0.9,fedasync,7
26,2.80019,0.42,0.9,fedasync,7
27,2.42202,0.45625,0.9,fedasync,7
28,3.27132,0.4625,0.9,fedasync,7
29,4.00256,0.37,0.9,fedasync,7
30,2.48989,0.485,0.9,fedasync,7
31,3.00707,0.4675,0.9,fedasync,7
32,2.91205,0.4825,0.9,fedasync,7
33,2.9445,0.52625,0.9,fedasync,7
34,3.93546,0.4775,0.9,fedasync,7
35,4.70771,0.42125,0.9,fedasync,7
36,6.11116,0.4525,0.9,fedasync,7
37,6.82391,0.41625,0.9,fedasync,7
38,3.35217,0.475,0.9,fedasync,7
39,3.59069,0.5125,0.9,fedasync,7
40,3.90113,0.49375,0.9,fedasync,7
41,4.08185,0.4775,0.9,fedasync,7
42,2.80769,0.4075,0.9,fedasync,7
43,2.65989,0.45625,0.9,fedasync,7
44,2.90002,0.42625,0.9,fedasync,7
45,4.10866,0.4375,0.9,fedasync,7
46,3.47301,0.43875,0.9,fedasync,7
47,4.48237,0.4,0.9,fedasync,7
48,2.3613,0.455,0.9,fedasync,7
49,3.72185,0.45375,0.9,fedasync,7
50,2.26448,0.43375,0.9,fedasync,7
51,3.90223,0.4,0.9,fedasync,7
52,4.69655,0.38375,0.9,fedasync,7
53,2.90975,0.4725,0.9,fedasync,7
54,2.80647,0.45,0.9,fedasync,7
55,3.68296,0.405,0.9,fedasync,7
56,3.1237,0.4325,0.9,fedasync,7
57,2.99287,0.50375,0.9,fedasync,7
58,2.29934,0.53125,0.9,fedasync,7
59,3.27387,0.42625,0.9,fedasync,7
60,2.15335,0.49125,0.9,fedasync,7
61,2.76645,0.42125,0.9,fedasync,7
62,2.5224,0.445,0.9,fedasync,7
63,2.65378,0.435,0.9,fedasync,7
64,2.9478,0.42,0.9,fedasync,7
65,2.68126,0.45625,0.9,fedasync,7
66,3.31876,0.45125,0.9,fedasync,7
67,4.01706,0.42875,0.9,fedasync,7
68,2.12344,0.51125,0.9,fedasync,7
69,2.68288,0.4925,0.9,fedasync,7
70,1.53749,0.63,0.9,fedasync,7
71,2.67752,0.585,0.9,fedasync,7
72,3.4487,0.5,0.9,fedasync,7
73,2.55222,0.43375,0.9,fedasync,7
74,2.62936,0.42375,0.9,fedasync,7
75,3.01166,0.41625,0.9,fedasync,7
76,3.09212,0.42125,0.9,fedasync,7
77,2.41813,0.47,0.9,fedasync,7
78,2.56877,0.4625,0.9,fedasync,7
79,2.63262,0.455,0.9,fedasync,7
80,3.15713,0.425,0.9,fedasync,7
81,2.31648,0.44375,0.9,fedasync,7
82,2.70488,0.43875,0.9,fedasync,7
83,2.96477,0.45,0.9,fedasync,7
84,2.98309,0.44375,0.9,fedasync,7
85,3.29422,0.45,0.9,fedasync,7
86,2.65843,0.46125,0.9,fedasync,7
87,3.23782,0.43,0.9,fedasync,7
88,3.32171,0.43875,0.9,fedasync,7
89,2.16464,0.53,0.9,fedasync,7
90,2.81255,0.505,0.9,fedasync,7
91,3.20489,0.4525,0.9,fedasync,7
92,3.92868,0.46875,0.9,fedasync,7
93,3.04498,0.49,0.9,fedasync,7
94,2.0335,0.57875,0.9,fedasync,7
95,2.86941,0.51,0.9,fedasync,7
96,2.45113,0.56125,0.9,fedasync,7
97,2.48056,0.4875,0.9,fedasync,7
98,2.16648,0.6,0.9,fedasync,7
99,2.92032,0.48625,0.9,fedasync,7
100,2.53154,0.56625,0.9,fedasync,7
101,2.68971,0.5725,0.9,fedasync,7
102,2.91253,0.51625,0.9,fedasync,7
103,3.20704,0.4425,0.9,fedasync,7
104,2.23989,0.46125,0.9,fedasync,7
105,3.00232,0.45375,0.9,fedasync,7
106,2.52007,0.37625,0.9,fedasync,7
107,2.43545,0.4575,0.9,fedasync,7
108,2.588,0.40375,0.9,fedasync,7
109,3.65199,0.425,0.9,fedasync,7
110,3.48826,0.3975,0.9,fedasync,7
111,3.99916,0.38125,0.9,fedasync,7
112,3.76413,0.4475,0.9,fedasync,7
113,4.88277,0.405,0.9,fedasync,7
114,3.79551,0.41125,0.9,fedasync,7
115,2.68753,0.415,0.9,fedasync,7
116,3.49677,0.37875,0.9,fedasync,7
117,3.10122,0.43375,0.9,fedasync,7
118,3.94052,0.41875,0.9,fedasync,7
119,2.59025,0.4675,0.9,fedasync,7
120,2.80702,0.41625,0.9,fedasync,7
121,3.42086,0.36625,0.9,fedasync,7
122,2.80994,0.4525,0.9,fedasync,7
123,2.47209,0.56125,0.9,fedasync,7
124,2.49615,0.5575,0.9,fedasync,7
125,3.03276,0.51375,0.9,fedasync,7
126,3.22329,0.47875,0.9,fedasync,7
127,3.16159,0.4375,0.9,fedasync,7
128,3.39696,0.405,0.9,fedasync,7
129,3.1578,0.5075,0.9,fedasync,7
130,3.39404,0.4975,0.9,fedasync,7
131,3.51805,0.49375,0.9,fedasync,7
132,3.31298,0.525,0.9,fedasync,7
133,2.29618,0.58875,0.9,fedasync,7
134,2.00992,0.59,0.9,fedasync,7
135,3.0943,0.4925,0.9,fedasync,7
136,2.4011,0.5425,0.9,fedasync,7
137,2.96374,0.50375,0.9,fedasync,7
138,2.25372,0.59625,0.9,fedasync,7
139,2.35095,0.5875,0.9,fedasync,7
140,3.02352,0.49,0.9,fedasync,7
141,2.05384,0.55125,0.9,fedasync,7
142,1.65321,0.62,0.9,fedasync,7
143,1.90403,0.6075,0.9,fedasync,7
144,1.72624,0.64625,0.9,fedasync,7
145,2.31523,0.58375,0.9,fedasync,7
146,2.406,0.545,0.9,fedasync,7
147,2.07816,0.57625,0.9,fedasync,7
148,2.37051,0.57375,0.9,fedasync,7
149,2.39632,0.5775,0.9,fedasync,7
150,1.85644,0.6175,0.9,fedasync,7
1,4.43868,0.19125,,afl,8
2,4.82497,0.1925,,afl,8
3,2.73324,0.28,,afl,8
4,2.45054,0.27875,,afl,8
5,2.19555,0.29625,,afl,8
6,2.12009,0.29625,,afl,8
7,1.95656,0.4075,,afl,8
8,1.8497,0.43375,,afl,8
9,1.86977,0.425,,afl,8
10,1.78476,0.42375,,afl,8
11,1.73954,0.43625,,afl,8
12,1.66013,0.46375,,afl,8
13,1.59874,0.495,,afl,8
14,1.56686,0.50125,,afl,8
15,1.57089,0.5025,,afl,8
16,1.59168,0.4925,,afl,8
17,1.54563,0.5025,,afl,8
18,1.56727,0.49125,,afl,8
19,1.51726,0.50875,,afl,8
20,1.48436,0.525,,afl,8
21,1.50071,0.5175,,afl,8
22,1.48429,0.525,,afl,8
23,1.50629,0.51375,,afl,8
24,1.46919,0.53,,afl,8
25,1.49338,0.51625,,afl,8
26,1.46983,0.52625,,afl,8
27,1.43573,0.53625,,afl,8
28,1.4109,0.555,,afl,8
29,1.39389,0.55875,,afl,8
30,1.37905,0.565,,afl,8
31,1.36291,0.57125,,afl,8
32,1.35074,0.56875,,afl,8
33,1.33966,0.575,,afl,8
34,1.32936,0.5775,,afl,8
35,1.32174,0.58625,,afl,8
36,1.3076,0.58875,,afl,8
37,1.29654,0.595,,afl,8
38,1.28836,0.6,,afl,8
39,1.28293,0.6075,,afl,8
40,1.28031,0.61125,,afl,8
41,1.26815,0.60375,,afl,8
42,1.26493,0.60875,,afl,8
43,1.25735,0.60875,,afl,8
44,1.25101,0.6125,,afl,8
45,1.24949,0.61625,,afl,8
46,1.24726,0.61625,,afl,8
47,1.24639,0.62,,afl,8
48,1.24741,0.61875,,afl,8
49,1.23707,0.62,,afl,8
50,1.23183,0.62125,,afl,8
51,1.2278,0.62125,,afl,8
52,1.21919,0.625,,afl,8
53,1.2149,0.62375,,afl,8
54,1.21259,0.625,,afl,8
55,1.21067,0.62375,,afl,8
56,1.20308,0.6275,,afl,8
57,1.19935,0.625,,afl,8
58,1.19633,0.62125,,afl,8
59,1.19673,0.62375,,afl,8
60,1.19665,0.61375,,afl,8
61,1.19736,0.60625,,afl,8
62,1.19862,0.5975,,afl,8
63,1.2003,0.59875,,afl,8
64,1.19762,0.5975,,afl,8
65,1.19546,0.5975,,afl,8
66,1.19714,0.60125,,afl,8
67,1.19513,0.6,,afl,8
68,1.19369,0.60375,,afl,8
69,1.19574,0.60375,,afl,8
70,1.19469,0.60375,,afl,8
71,1.19688,0.6025,,afl,8
72,1.19179,0.60125,,afl,8
73,1.19407,0.605,,afl,8
74,1.18524,0.60375,,afl,8
75,1.18081,0.605,,afl,8
76,1.18371,0.60375,,afl,8
77,1.18443,0.60625,,afl,8
78,1.18758,0.60375,,afl,8
79,1.18313,0.605,,afl,8
80,1.17963,0.60375,,afl,8
81,1.18275,0.6025,,afl,8
82,1.18132,0.6025,,afl,8
83,1.18169,0.605,,afl,8
84,1.18043,0.605,,afl,8
85,1.1814,0.60625,,afl,8
86,1.18294,0.60125,,afl,8
87,1.18506,0.6,,afl,8
88,1.18043,0.605,,afl,8
89,1.18319,0.6025,,afl,8
90,1.18623,0.60125,,afl,8
91,1.18836,0.605,,afl,8
92,1.19154,0.605,,afl,8
93,1.19484,0.60625,,afl,8
94,1.19832,0.605,,afl,8
95,1.20079,0.605,,afl,8
96,1.19914,0.605,,afl,8
97,1.19777,0.60625,,afl,8
98,1.19115,0.605,,afl,8
99,1.19446,0.605,,afl,8
100,1.19222,0.605,,afl,8
101,1.18656,0.60375,,afl,8
102,1.18087,0.60375,,afl,8
103,1.18346,0.605,,afl,8
104,1.17827,0.605,,afl,8
105,1.17347,0.60375,,afl,8
106,1.17661,0.60375,,afl,8
107,1.17183,0.6025,,afl,8
108,1.16568,0.60625,,afl,8
109,1.16014,0.60875,,afl,8
110,1.15829,0.60875,,afl,8
111,1.15338,0.605,,afl,8
112,1.14893,0.6075,,afl,8
113,1.1513,0.605,,afl,8
114,1.15373,0.605,,afl,8
115,1.14958,0.60625,,afl,8
116,1.15091,0.60625,,afl,8
117,1.15256,0.60875,,afl,8
118,1.14827,0.61,,afl,8
119,1.14649,0.60875,,afl,8
120,1.14836,0.61125,,afl,8
121,1.15052,0.61,,afl,8
122,1.14598,0.61,,afl,8
123,1.14837,0.61,,afl,8
124,1.15084,0.61,,afl,8
125,1.15297,0.60875,,afl,8
126,1.15534,0.6075,,afl,8
127,1.15359,0.60875,,afl,8
128,1.14927,0.60875,,afl,8
129,1.15181,0.60875,,afl,8
130,1.14755,0.6075,,afl,8
131,1.14355,0.60625,,afl,8
132,1.14632,0.61125,,afl,8
133,1.1485,0.60875,,afl,8
134,1.14672,0.6075,,afl,8
135,1.1496,0.60875,,afl,8
136,1.14561,0.61125,,afl,8
137,1.14773,0.61125,,afl,8
138,1.14992,0.6075,,afl,8
139,1.14816,0.60875,,afl,8
140,1.14654,0.61,,afl,8
141,1.14125,0.6075,,afl,8
142,1.13974,0.60875,,afl,8
143,1.13492,0.6075,,afl,8
144,1.13703,0.6075,,afl,8
145,1.13949,0.60875,,afl,8
146,1.13481,0.60875,,afl,8
147,1.13052,0.61125,,afl,8
148,1.13272,0.61,,afl,8
149,1.12882,0.60875,,afl,8
150,1.12514,0.60875,,afl,8
1,2.31109,0.1125,0.1,fedasync,8
2,2.26825,0.1375,0.1,fedasync,8
3,2.25595,0.19,0.1,fedasync,8
4,2.24102,0.22375,0.1,fedasync,8
5,2.15593,0.29125,0.1,fedasync,8
6,2.10147,0.31625,0.1,fedasync,8
7,2.02109,0.46,0.1,fedasync,8
8,1.98122,0.4025,0.1,fedasync,8
9,1.93761,0.46625,0.1,fedasync,8
10,1.90147,0.415,0.1,fedasync,8
11,1.8363,0.4875,0.1,fedasync,8
12,1.74107,0.52375,0.1,fedasync,8
13,1.68947,0.49375,0.1,fedasync,8
14,1.74574,0.49,0.1,fedasync,8
15,1.67278,0.55375,0.1,fedasync,8
16,1.62843,0.555,0.1,fedasync,8
17,1.61935,0.5575,0.1,fedasync,8
18,1.59027,0.5175,0.1,fedasync,8
19,1.50113,0.57375,0.1,fedasync,8
20,1.51263,0.59,0.1,fedasync,8
21,1.48588,0.5425,0.1,fedasync,8
22,1.39793,0.6025,0.1,fedasync,8
23,1.40882,0.55625,0.1,fedasync,8
24,1.31842,0.59625,0.1,fedasync,8
25,1.35756,0.54625,0.1,fedasync,8
26,1.26976,0.59375,0.1,fedasync,8
27,1.21466,0.63875,0.1,fedasync,8
28,1.16863,0.62875,0.1,fedasync,8
29,1.14988,0.64125,0.1,fedasync,8
30,1.14114,0.6475,0.1,fedasync,8
31,1.14762,0.63,0.1,fedasync,8
32,1.11114,0.6275,0.1,fedasync,8
33,1.11043,0.6275,0.1,fedasync,8
34,1.0854,0.62625,0.1,fedasync,8
35,1.10037,0.62875,0.1,fedasync,8
36,1.10532,0.615,0.1,fedasync,8
37,1.15017,0.60625,0.1,fedasync,8
38,1.23511,0.57375,0.1,fedasync,8
39,1.35368,0.54,0.1,fedasync,8
40,1.50304,0.4975,0.1,fedasync,8
41,1.36744,0.5575,0.1,fedasync,8
42,1.13954,0.5925,0.1,fedasync,8
43,1.09956,0.60125,0.1,fedasync,8
44,1.09109,0.61375,0.1,fedasync,8
45,1.20121,0.5775,0.1,fedasync,8
46,1.07078,0.63375,0.1,fedasync,8
47,1.17561,0.5775,0.1,fedasync,8
48,1.30974,0.53875,0.1,fedasync,8
49,1.15173,0.59625,0.1,fedasync,8
50,1.12693,0.6075,0.1,fedasync,8
51,1.00426,0.66875,0.1,fedasync,8
52,0.91668,0.7,0.1,fedasync,8
53,0.92229,0.695,0.1,fedasync,8
54,0.90179,0.70625,0.1,fedasync,8
55,0.83168,0.71125,0.1,fedasync,8
56,0.78317,0.72125,0.1,fedasync,8
57,0.79029,0.725,0.1,fedasync,8
58,0.82043,0.70625,0.1,fedasync,8
59,0.8683,0.6825,0.1,fedasync,8
60,0.83323,0.6975,0.1,fedasync,8
61,0.84968,0.6925,0.1,fedasync,8
62,0.89057,0.67875,0.1,fedasync,8
63,0.94134,0.6725,0.1,fedasync,8
64,0.93331,0.675,0.1,fedasync,8
65,0.95213,0.65375,0.1,fedasync,8
66,0.96531,0.66875,0.1,fedasync,8
67,0.99054,0.65125,0.1,fedasync,8
68,1.03788,0.62625,0.1,fedasync,8
69,1.02902,0.65,0.1,fedasync,8
70,1.07202,0.6275,0.1,fedasync,8
71,1.07295,0.645,0.1,fedasync,8
72,0.93207,0.67,0.1,fedasync,8
73,0.96686,0.65625,0.1,fedasync,8
74,0.86667,0.67875,0.1,fedasync,8
75,0.79171,0.7175,0.1,fedasync,8
76,0.84481,0.705,0.1,fedasync,8
77,0.85536,0.69375,0.1,fedasync,8
78,0.9205,0.6725,0.1,fedasync,8
79,0.84404,0.71125,0.1,fedasync,8
80,0.82953,0.7375,0.1,fedasync,8
81,0.87112,0.70875,0.1,fedasync,8
82,0.84016,0.72125,0.1,fedasync,8
83,0.85234,0.71125,0.1,fedasync,8
84,0.86105,0.71,0.1,fedasync,8
85,0.91105,0.68375,0.1,fedasync,8
86,0.99083,0.67125,0.1,fedasync,8
87,1.09683,0.645,0.1,fedasync,8
88,0.92112,0.69375,0.1,fedasync,8
89,0.91495,0.7,0.1,fedasync,8
90,0.9469,0.685,0.1,fedasync,8
91,1.01758,0.675,0.1,fedasync,8
92,1.05251,0.67,0.1,fedasync,8
93,1.10817,0.6575,0.1,fedasync,8
94,1.17791,0.64,0.1,fedasync,8
95,1.21796,0.6375,0.1,fedasync,8
96,1.13962,0.65375,0.1,fedasync,8
97,1.11685,0.66625,0.1,fedasync,8
98,0.95182,0.6925,0.1,fedasync,8
99,0.99512,0.6825,0.1,fedasync,8
100,0.89439,0.7,0.1,fedasync,8
101,0.84702,0.7075,0.1,fedasync,8
102,0.83858,0.7325,0.1,fedasync,8
103,0.87444,0.725,0.1,fedasync,8
104,0.88068,0.725,0.1,fedasync,8
105,0.91104,0.7225,0.1,fedasync,8
106,0.91637,0.7225,0.1,fedasync,8
107,0.94521,0.7175,0.1,fedasync,8
108,0.71316,0.76,0.1,fedasync,8
109,0.62343,0.7875,0.1,fedasync,8
110,0.59397,0.79375,0.1,fedasync,8
111,0.5762,0.805,0.1,fedasync,8
112,0.6058,0.79625,0.1,fedasync,8
113,0.59658,0.8,0.1,fedasync,8
114,0.62288,0.7825,0.1,fedasync,8
115,0.64034,0.7925,0.1,fedasync,8
116,0.63364,0.7925,0.1,fedasync,8
117,0.66028,0.78125,0.1,fedasync,8
118,0.6132,0.80125,0.1,fedasync,8
119,0.59785,0.795,0.1,fedasync,8
120,0.65596,0.7625,0.1,fedasync,8
121,0.73699,0.74625,0.1,fedasync,8
122,0.66105,0.78375,0.1,fedasync,8
123,0.66147,0.77375,0.1,fedasync,8
124,0.69044,0.74875,0.1,fedasync,8
125,0.75419,0.73875,0.1,fedasync,8
126,0.83786,0.72375,0.1,fedasync,8
127,0.81296,0.73125,0.1,fedasync,8
128,0.73024,0.75375,0.1,fedasync,8
129,0.82214,0.73375,0.1,fedasync,8
130,0.76321,0.75125,0.1,fedasync,8
131,0.74374,0.75875,0.1,fedasync,8
132,0.83031,0.73375,0.1,fedasync,8
133,0.81286,0.74625,0.1,fedasync,8
134,0.776,0.75125,0.1,fedasync,8
135,0.86718,0.7375,0.1,fedasync,8
136,0.82715,0.75375,0.1,fedasync,8
137,0.82217,0.75625,0.1,fedasync,8
138,0.84201,0.7475,0.1,fedasync,8
139,0.80069,0.75625,0.1,fedasync,8
140,0.79253,0.75625,0.1,fedasync,8
141,0.63031,0.77625,0.1,fedasync,8
142,0.66268,0.765,0.1,fedasync,8
143,0.59856,0.79625,0.1,fedasync,8
144,0.60373,0.7825,0.1,fedasync,8
145,0.64933,0.77,0.1,fedasync,8
146,0.60333,0.80625,0.1,fedasync,8
147,0.61447,0.7925,0.1,fedasync,8
148,0.60901,0.7975,0.1,fedasync,8
149,0.54123,0.81875,0.1,fedasync,8
150,0.51356,0.8275,0.1,fedasync,8
1,2.43984,0.1825,0.5,fedasync,8
2,3.27719,0.2,0.5,fedasync,8
3,2.34882,0.29875,0.5,fedasync,8
4,2.33189,0.2625,0.5,fedasync,8
5,1.80365,0.455,0.5,fedasync,8
6,1.96755,0.3775,0.5,fedasync,8
7,1.88561,0.5,0.5,fedasync,8
8,1.85077,0.4775,0.5,fedasync,8
9,1.80795,0.49375,0.5,fedasync,8
10,1.62766,0.50625,0.5,fedasync,8
11,1.33254,0.60125,0.5,fedasync,8
12,1.34848,0.58875,0.5,fedasync,8
13,1.93364,0.5275,0.5,fedasync,8
14,1.14769,0.6375,0.5,fedasync,8
15,1.07089,0.61625,0.5,fedasync,8
16,1.95758,0.47125,0.5,fedasync,8
17,1.48065,0.51625,0.5,fedasync,8
18,1.91673,0.4825,0.5,fedasync,8
19,0.96979,0.68625,0.5,fedasync,8
20,1.39951,0.56875,0.5,fedasync,8
21,1.36238,0.565,0.5,fedasync,8
22,1.13311,0.65125,0.5,fedasync,8
23,1.31583,0.63875,0.5,fedasync,8
24,0.88334,0.72125,0.5,fedasync,8
25,1.33345,0.60375,0.5,fedasync,8
26,0.86867,0.71375,0.5,fedasync,8
27,0.92075,0.72375,0.5,fedasync,8
28,0.86429,0.72,0.5,fedasync,8
29,0.94571,0.71375,0.5,fedasync,8
30,1.54292,0.55875,0.5,fedasync,8
31,1.15204,0.6625,0.5,fedasync,8
32,1.29833,0.64375,0.5,fedasync,8
33,1.03543,0.70125,0.5,fedasync,8
34,1.18101,0.6625,0.5,fedasync,8
35,1.27836,0.6775,0.5,fedasync,8
36,1.60352,0.615,0.5,fedasync,8
37,2.62029,0.47,0.5,fedasync,8
38,3.21966,0.425,0.5,fedasync,8
39,3.60196,0.3925,0.5,fedasync,8
40,3.85929,0.3775,0.5,fedasync,8
41,1.22945,0.6525,0.5,fedasync,8
42,1.00342,0.70875,0.5,fedasync,8
43,1.12632,0.66,0.5,fedasync,8
44,1.80212,0.53125,0.5,fedasync,8
45,1.58814,0.58875,0.5,fedasync,8
46,1.39778,0.63625,0.5,fedasync,8
47,1.37067,0.625,0.5,fedasync,8
48,2.03868,0.53125,0.5,fedasync,8
49,1.12919,0.695,0.5,fedasync,8
50,1.06194,0.695,0.5,fedasync,8
51,1.18065,0.68125,0.5,fedasync,8
52,0.83069,0.765,0.5,fedasync,8
53,1.04266,0.70375,0.5,fedasync,8
54,1.25239,0.665,0.5,fedasync,8
55,0.85529,0.76,0.5,fedasync,8
56,0.78797,0.75,0.5,fedasync,8
57,0.80738,0.755,0.5,fedasync,8
58,1.27483,0.655,0.5,fedasync,8
59,1.2395,0.68125,0.5,fedasync,8
60,0.94671,0.7475,0.5,fedasync,8
61,1.40295,0.66625,0.5,fedasync,8
62,1.82278,0.6125,0.5,fedasync,8
63,1.4774,0.67125,0.5,fedasync,8
64,1.12899,0.71125,0.5,fedasync,8
65,1.48481,0.635,0.5,fedasync,8
66,1.25778,0.70875,0.5,fedasync,8
67,1.35856,0.67125,0.5,fedasync,8
68,1.71204,0.61875,0.5,fedasync,8
69,1.45043,0.68,0.5,fedasync,8
70,1.53047,0.65875,0.5,fedasync,8
71,1.66638,0.6525,0.5,fedasync,8
72,1.25426,0.69125,0.5,fedasync,8
73,0.96829,0.75625,0.5,fedasync,8
74,0.74362,0.7775,0.5,fedasync,8
75,1.08373,0.7075,0.5,fedasync,8
76,0.85026,0.7675,0.5,fedasync,8
77,1.01961,0.74625,0.5,fedasync,8
78,1.24197,0.7025,0.5,fedasync,8
79,1.06264,0.7575,0.5,fedasync,8
80,1.85239,0.635,0.5,fedasync,8
81,1.13621,0.74625,0.5,fedasync,8
82,0.98356,0.75125,0.5,fedasync,8
83,1.24132,0.70875,0.5,fedasync,8
84,1.36348,0.6675,0.5,fedasync,8
85,1.74953,0.62625,0.5,fedasync,8
86,2.25428,0.5675,0.5,fedasync,8
87,2.63742,0.545,0.5,fedasync,8
88,1.94137,0.64875,0.5,fedasync,8
89,1.06066,0.73875,0.5,fedasync,8
90,1.35175,0.685,0.5,fedasync,8
91,1.20222,0.7125,0.5,fedasync,8
92,1.55894,0.665,0.5,fedasync,8
93,1.93597,0.60875,0.5,fedasync,8
94,2.19233,0.58125,0.5,fedasync,8
95,1.77111,0.65125,0.5,fedasync,8
96,1.33211,0.69625,0.5,fedasync,8
97,1.71125,0.63125,0.5,fedasync,8
98,1.05832,0.72875,0.5,fedasync,8
99,1.24065,0.7125,0.5,fedasync,8
100,1.60679,0.65875,0.5,fedasync,8
101,2.02129,0.62,0.5,fedasync,8
102,2.35251,0.60625,0.5,fedasync,8
103,1.73217,0.64125,0.5,fedasync,8
104,2.05957,0.62625,0.5,fedasync,8
105,2.3873,0.60875,0.5,fedasync,8
106,1.40701,0.7025,0.5,fedasync,8
107,1.38479,0.7075,0.5,fedasync,8
108,0.92001,0.76125,0.5,fedasync,8
109,1.97409,0.61125,0.5,fedasync,8
110,1.28665,0.6875,0.5,fedasync,8
111,1.90286,0.63,0.5,fedasync,8
112,2.50785,0.5725,0.5,fedasync,8
113,1.32039,0.70125,0.5,fedasync,8
114,1.66151,0.6425,0.5,fedasync,8
115,1.39452,0.72125,0.5,fedasync,8
116,1.19984,0.73375,0.5,fedasync,8
117,1.61974,0.67125,0.5,fedasync,8
118,1.07837,0.7475,0.5,fedasync,8
119,0.94661,0.76625,0.5,fedasync,8
120,1.27081,0.72125,0.5,fedasync,8
121,1.57308,0.67125,0.5,fedasync,8
122,1.10355,0.73,0.5,fedasync,8
123,0.87631,0.77375,0.5,fedasync,8
124,1.33674,0.70625,0.5,fedasync,8
125,1.25505,0.7175,0.5,fedasync,8
126,1.47189,0.69375,0.5,fedasync,8
127,1.18808,0.71875,0.5,fedasync,8
128,1.21431,0.7225,0.5,fedasync,8
129,1.41386,0.69875,0.5,fedasync,8
130,1.75453,0.6625,0.5,fedasync,8
131,2.13963,0.64,0.5,fedasync,8
132,1.94577,0.645,0.5,fedasync,8
133,1.35908,0.71875,0.5,fedasync,8
134,1.22171,0.7475,0.5,fedasync,8
135,1.26513,0.73,0.5,fedasync,8
136,1.56281,0.6825,0.5,fedasync,8
137,1.34114,0.7175,0.5,fedasync,8
138,1.76846,0.6675,0.5,fedasync,8
139,1.23874,0.7325,0.5,fedasync,8
140,1.45413,0.69375,0.5,fedasync,8
141,1.12517,0.7375,0.5,fedasync,8
142,1.31189,0.69375,0.5,fedasync,8
143,1.61305,0.6675,0.5,fedasync,8
144,1.02229,0.765,0.5,fedasync,8
145,0.96564,0.77625,0.5,fedasync,8
146,1.52183,0.68,0.5,fedasync,8
147,2.29963,0.59625,0.5,fedasync,8
148,1.22755,0.73375,0.5,fedasync,8
149,0.82665,0.79125,0.5,fedasync,8
150,1.46108,0.70125,0.5,fedasync,8
1,3.84972,0.19125,0.9,fedasync,8
2,5.08656,0.2025,0.9,fedasync,8
3,3.15618,0.19875,0.9,fedasync,8
4,3.92197,0.1875,0.9,fedasync,8
5,2.67362,0.36125,0.9,fedasync,8
6,4.41786,0.2925,0.9,fedasync,8
7,2.80789,0.32375,0.9,fedasync,8
8,4.37535,0.29125,0.9,fedasync,8
9,2.73157,0.25,0.9,fedasync,8
10,2.83901,0.23375,0.9,fedasync,8
11,2.3757,0.3225,0.9,fedasync,8
12,2.73951,0.50625,0.9,fedasync,8
13,3.30656,0.47875,0.9,fedasync,8
14,3.29471,0.40125,0.9,fedasync,8
15,2.75063,0.32375,0.9,fedasync,8
16,3.45406,0.295,0.9,fedasync,8
17,2.70554,0.27,0.9,fedasync,8
18,3.31249,0.365,0.9,fedasync,8
19,2.71923,0.48625,0.9,fedasync,8
20,2.75343,0.35625,0.9,fedasync,8
21,2.59637,0.46875,0.9,fedasync,8
22,2.40488,0.45125,0.9,fedasync,8
23,3.19711,0.3325,0.9,fedasync,8
24,2.34457,0.53375,0.9,fedasync,8
25,2.85899,0.44875,0.9,fedasync,8
26,3.14378,0.4125,0.9,fedasync,8
27,2.48742,0.52375,0.9,fedasync,8
28,2.50652,0.4525,0.9,fedasync,8
29,2.54526,0.46125,0.9,fedasync,8
30,3.12011,0.43,0.9,fedasync,8
31,2.77792,0.42,0.9,fedasync,8
32,2.23546,0.4675,0.9,fedasync,8
33,2.67042,0.49125,0.9,fedasync,8
34,2.83285,0.4425,0.9,fedasync,8
35,2.61768,0.50875,0.9,fedasync,8
36,2.66516,0.36875,0.9,fedasync,8
37,3.21173,0.3325,0.9,fedasync,8
38,3.81976,0.32125,0.9,fedasync,8
39,4.49432,0.3075,0.9,fedasync,8
40,5.01685,0.3,0.9,fedasync,8
41,3.08857,0.535,0.9,fedasync,8
42,2.98209,0.4725,0.9,fedasync,8
43,2.43366,0.47125,0.9,fedasync,8
44,2.97332,0.45,0.9,fedasync,8
45,3.31834,0.4,0.9,fedasync,8
46,3.65072,0.43875,0.9,fedasync,8
47,3.28896,0.36875,0.9,fedasync,8
48,3.97301,0.345,0.9,fedasync,8
49,2.29995,0.5675,0.9,fedasync,8
50,2.47783,0.50875,0.9,fedasync,8
51,2.95769,0.5075,0.9,fedasync,8
52,2.35621,0.5725,0.9,fedasync,8
53,2.4728,0.51375,0.9,fedasync,8
54,2.79357,0.51875,0.9,fedasync,8
55,2.99525,0.43375,0.9,fedasync,8
56,2.36983,0.59125,0.9,fedasync,8
57,2.41659,0.545,0.9,fedasync,8
58,2.78731,0.515,0.9,fedasync,8
59,2.50215,0.4625,0.9,fedasync,8
60,2.63639,0.5075,0.9,fedasync,8
61,3.24269,0.44375,0.9,fedasync,8
62,3.4901,0.435,0.9,fedasync,8
63,2.91646,0.41,0.9,fedasync,8
64,2.93274,0.4275,0.9,fedasync,8
65,3.46024,0.405,0.9,fedasync,8
66,2.81236,0.5325,0.9,fedasync,8
67,2.77262,0.5,0.9,fedasync,8
68,3.22943,0.4625,0.9,fedasync,8
69,2.81095,0.555,0.9,fedasync,8
70,2.63858,0.52625,0.9,fedasync,8
71,2.78842,0.5825,0.9,fedasync,8
72,3.75141,0.44875,0.9,fedasync,8
73,2.68676,0.54625,0.9,fedasync,8
74,2.40263,0.59375,0.9,fedasync,8
75,2.87745,0.475,0.9,fedasync,8
76,3.01886,0.5575,0.9,fedasync,8
77,2.80786,0.45875,0.9,fedasync,8
78,3.16998,0.53625,0.9,fedasync,8
79,2.70239,0.49125,0.9,fedasync,8
80,3.28338,0.4725,0.9,fedasync,8
81,2.55208,0.56375,0.9,fedasync,8
82,2.25212,0.585,0.9,fedasync,8
83,3.29489,0.48125,0.9,fedasync,8
84,2.86731,0.5075,0.9,fedasync,8
85,3.42934,0.48625,0.9,fedasync,8
86,3.68376,0.47125,0.9,fedasync,8
87,3.79466,0.46,0.9,fedasync,8
88,2.81785,0.53125,0.9,fedasync,8
89,2.31553,0.5375,0.9,fedasync,8
90,3.18305,0.47,0.9,fedasync,8
91,1.70682,0.57125,0.9,fedasync,8
92,3.13425,0.54375,0.9,fedasync,8
93,3.70221,0.49625,0.9,fedasync,8
94,3.8071,0.49,0.9,fedasync,8
95,2.19042,0.57875,0.9,fedasync,8
96,2.46904,0.53875,0.9,fedasync,8
97,2.93885,0.50625,0.9,fedasync,8
98,2.51347,0.61,0.9,fedasync,8
99,2.84392,0.6275,0.9,fedasync,8
100,2.5689,0.59375,0.9,fedasync,8
101,3.25601,0.5725,0.9,fedasync,8
102,3.29374,0.58125,0.9,fedasync,8
103,2.21727,0.57625,0.9,fedasync,8
104,3.20243,0.57375,0.9,fedasync,8
105,3.31754,0.57375,0.9,fedasync,8
106,3.28643,0.55875,0.9,fedasync,8
107,3.04572,0.56125,0.9,fedasync,8
108,3.01118,0.5125,0.9,fedasync,8
109,3.55051,0.4925,0.9,fedasync,8
110,2.66706,0.5575,0.9,fedasync,8
111,3.48814,0.50125,0.9,fedasync,8
112,3.56459,0.49875,0.9,fedasync,8
113,2.44364,0.62,0.9,fedasync,8
114,3.32529,0.545,0.9,fedasync,8
115,2.72192,0.55,0.9,fedasync,8
116,2.54215,0.52875,0.9,fedasync,8
117,2.77289,0.51625,0.9,fedasync,8
118,2.33413,0.60375,0.9,fedasync,8
119,2.15453,0.59,0.9,fedasync,8
120,2.43004,0.5525,0.9,fedasync,8
121,2.58897,0.54625,0.9,fedasync,8
122,2.6098,0.545,0.9,fedasync,8
123,2.34955,0.6175,0.9,fedasync,8
124,3.49711,0.51875,0.9,fedasync,8
125,1.96201,0.6225,0.9,fedasync,8
126,2.19525,0.605,0.9,fedasync,8
127,2.36704,0.54375,0.9,fedasync,8
128,2.16157,0.62875,0.9,fedasync,8
129,2.09906,0.60125,0.9,fedasync,8
130,2.88523,0.6,0.9,fedasync,8
131,3.17394,0.58875,0.9,fedasync,8
132,2.64217,0.5875,0.9,fedasync,8
133,3.15058,0.56625,0.9,fedasync,8
134,2.71393,0.58625,0.9,fedasync,8
135,2.256,0.6,0.9,fedasync,8
136,2.69343,0.6075,0.9,fedasync,8
137,3.54703,0.565,0.9,fedasync,8
138,3.83894,0.55625,0.9,fedasync,8
139,2.3129,0.6075,0.9,fedasync,8
140,2.98271,0.57125,0.9,fedasync,8
141,3.33591,0.50375,0.9,fedasync,8
142,2.37612,0.58875,0.9,fedasync,8
143,3.28796,0.5275,0.9,fedasync,8
144,3.19397,0.55,0.9,fedasync,8
145,2.11611,0.61625,0.9,fedasync,8
146,3.15957,0.55625,0.9,fedasync,8
147,3.45203,0.5325,0.9,fedasync,8
148,2.7392,0.6125,0.9,fedasync,8
149,2.68089,0.63,0.9,fedasync,8
150,3.02353,0.63,0.9,fedasync,8
1,4.32465,0.27875,,afl,9
2,2.42378,0.32375,,afl,9
3,2.33016,0.3775,,afl,9
4,2.06688,0.36125,,afl,9
5,1.86719,0.3925,,afl,9
6,1.81021,0.435,,afl,9
7,1.74753,0.48625,,afl,9
8,1.7779,0.46,,afl,9
9,1.7741,0.42875,,afl,9
10,1.73744,0.46375,,afl,9
11,1.65833,0.47375,,afl,9
12,1.61602,0.4625,,afl,9
13,1.62414,0.46,,afl,9
14,1.64308,0.455,,afl,9
15,1.63356,0.4525,,afl,9
16,1.5895,0.45875,,afl,9
17,1.56274,0.46,,afl,9
18,1.54822,0.4525,,afl,9
19,1.52467,0.46,,afl,9
20,1.51928,0.46375,,afl,9
21,1.49627,0.475,,afl,9
22,1.46728,0.47375,,afl,9
23,1.46137,0.47875,,afl,9
24,1.45125,0.48375,,afl,9
25,1.45613,0.4825,,afl,9
26,1.46392,0.4775,,afl,9
27,1.45455,0.47,,afl,9
28,1.43674,0.49,,afl,9
29,1.43341,0.49125,,afl,9
30,1.43485,0.4925,,afl,9
31,1.44,0.49375,,afl,9
32,1.44837,0.4875,,afl,9
33,1.45948,0.48,,afl,9
34,1.47292,0.4725,,afl,9
35,1.44218,0.48375,,afl,9
36,1.44041,0.49,,afl,9
37,1.42446,0.495,,afl,9
38,1.4337,0.4875,,afl,9
39,1.42113,0.49375,,afl,9
40,1.42091,0.4925,,afl,9
41,1.43201,0.48375,,afl,9
42,1.42208,0.4925,,afl,9
43,1.42564,0.485,,afl,9
44,1.43204,0.4825,,afl,9
45,1.40754,0.495,,afl,9
46,1.38939,0.50625,,afl,9
47,1.37579,0.51375,,afl,9
48,1.37361,0.51375,,afl,9
49,1.37904,0.51125,,afl,9
50,1.37202,0.51625,,afl,9
51,1.36621,0.525,,afl,9
52,1.36098,0.53875,,afl,9
53,1.35894,0.535,,afl,9
54,1.35777,0.53125,,afl,9
55,1.35731,0.53,,afl,9
56,1.35751,0.53375,,afl,9
57,1.34882,0.5325,,afl,9
58,1.3422,0.5325,,afl,9
59,1.33657,0.54125,,afl,9
60,1.33132,0.54,,afl,9
61,1.33215,0.54,,afl,9
62,1.32775,0.5475,,afl,9
63,1.32927,0.54625,,afl,9
64,1.32674,0.55,,afl,9
65,1.32949,0.54875,,afl,9
66,1.32765,0.545,,afl,9
67,1.33133,0.545,,afl,9
68,1.32252,0.545,,afl,9
69,1.31551,0.55125,,afl,9
70,1.31834,0.5475,,afl,9
71,1.32178,0.5475,,afl,9
72,1.31868,0.55125,,afl,9
73,1.31737,0.55125,,afl,9
74,1.31469,0.555,,afl,9
75,1.31119,0.56,,afl,9
76,1.31435,0.5575,,afl,9
77,1.31177,0.5525,,afl,9
78,1.30871,0.55625,,afl,9
79,1.30728,0.5625,,afl,9
80,1.30619,0.56625,,afl,9
81,1.30376,0.56875,,afl,9
82,1.30023,0.565,,afl,9
83,1.29761,0.56125,,afl,9
84,1.29647,0.565,,afl,9
85,1.29491,0.5625,,afl,9
86,1.29835,0.56,,afl,9
87,1.29495,0.55875,,afl,9
88,1.29313,0.56125,,afl,9
89,1.29176,0.5625,,afl,9
90,1.28954,0.565,,afl,9
91,1.28792,0.56875,,afl,9
92,1.28707,0.575,,afl,9
93,1.28391,0.57,,afl,9
94,1.28307,0.5725,,afl,9
95,1.28603,0.56875,,afl,9
96,1.28534,0.57125,,afl,9
97,1.28846,0.56875,,afl,9
98,1.28811,0.56875,,afl,9
99,1.29141,0.5675,,afl,9
100,1.2887,0.57125,,afl,9
101,1.28692,0.57125,,afl,9
102,1.29009,0.56875,,afl,9
103,1.28748,0.5675,,afl,9
104,1.28694,0.5675,,afl,9
105,1.28493,0.5675,,afl,9
106,1.2824,0.56625,,afl,9
107,1.28211,0.56875,,afl,9
108,1.28001,0.56875,,afl,9
109,1.27969,0.57,,afl,9
110,1.27778,0.5725,,afl,9
111,1.2761,0.57125,,afl,9
112,1.27459,0.5725,,afl,9
113,1.27313,0.5725,,afl,9
114,1.27044,0.5725,,afl,9
115,1.26837,0.5725,,afl,9
116,1.26603,0.57,,afl,9
117,1.26892,0.57125,,afl,9
118,1.27199,0.56625,,afl,9
119,1.27129,0.57125,,afl,9
120,1.26999,0.57,,afl,9
121,1.26928,0.5725,,afl,9
122,1.26709,0.5725,,afl,9
123,1.26498,0.5725,,afl,9
124,1.26779,0.5725,,afl,9
125,1.26706,0.57375,,afl,9
126,1.26995,0.57375,,afl,9
127,1.26483,0.5725,,afl,9
128,1.26357,0.57125,,afl,9
129,1.26144,0.57125,,afl,9
130,1.26084,0.5725,,afl,9
131,1.25937,0.5725,,afl,9
132,1.25759,0.57375,,afl,9
133,1.256,0.57375,,afl,9
134,1.25519,0.5725,,afl,9
135,1.25372,0.57125,,afl,9
136,1.25288,0.57375,,afl,9
137,1.25164,0.5725,,afl,9
138,1.24642,0.57625,,afl,9
139,1.24462,0.575,,afl,9
140,1.24321,0.575,,afl,9
141,1.2387,0.575,,afl,9
142,1.23831,0.5775,,afl,9
143,1.24044,0.5775,,afl,9
144,1.23624,0.5775,,afl,9
145,1.23595,0.58125,,afl,9
146,1.23467,0.58,,afl,9
147,1.23343,0.5825,,afl,9
148,1.23314,0.58375,,afl,9
149,1.23175,0.58375,,afl,9
150,1.23163,0.58375,,afl,9
1,2.29422,0.1275,0.1,fedasync,9
2,2.32404,0.15875,0.1,fedasync,9
3,2.28351,0.20625,0.1,fedasync,9
4,2.24802,0.25,0.1,fedasync,9
5,2.1393,0.3075,0.1,fedasync,9
6,2.11422,0.3325,0.1,fedasync,9
7,2.04165,0.37375,0.1,fedasync,9
8,2.01579,0.37875,0.1,fedasync,9
9,1.98485,0.4325,0.1,fedasync,9
10,1.93603,0.4125,0.1,fedasync,9
11,1.88241,0.38375,0.1,fedasync,9
12,1.86707,0.375,0.1,fedasync,9
13,1.83732,0.3975,0.1,fedasync,9
14,1.79458,0.3775,0.1,fedasync,9
15,1.75434,0.41,0.1,fedasync,9
16,1.68603,0.44875,0.1,fedasync,9
17,1.6404,0.4925,0.1,fedasync,9
18,1.67865,0.47875,0.1,fedasync,9
19,1.65885,0.4775,0.1,fedasync,9
20,1.62667,0.46375,0.1,fedasync,9
21,1.56637,0.5675,0.1,fedasync,9
22,1.54674,0.5575,0.1,fedasync,9
23,1.51345,0.55375,0.1,fedasync,9
24,1.47903,0.54125,0.1,fedasync,9
25,1.44364,0.55375,0.1,fedasync,9
26,1.42033,0.52625,0.1,fedasync,9
27,1.38297,0.555,0.1,fedasync,9
28,1.30658,0.6325,0.1,fedasync,9
29,1.30314,0.62625,0.1,fedasync,9
30,1.33395,0.615,0.1,fedasync,9
31,1.39587,0.58125,0.1,fedasync,9
32,1.48303,0.54875,0.1,fedasync,9
33,1.59144,0.5025,0.1,fedasync,9
34,1.71388,0.48125,0.1,fedasync,9
35,1.35487,0.5625,0.1,fedasync,9
36,1.30647,0.5825,0.1,fedasync,9
37,1.24667,0.60125,0.1,fedasync,9
38,1.31139,0.5725,0.1,fedasync,9
39,1.26399,0.5925,0.1,fedasync,9
40,1.22237,0.61875,0.1,fedasync,9
41,1.30329,0.58625,0.1,fedasync,9
42,1.24434,0.61375,0.1,fedasync,9
43,1.22427,0.6225,0.1,fedasync,9
44,1.23663,0.62,0.1,fedasync,9
45,1.0603,0.6575,0.1,fedasync,9
46,0.99839,0.6725,0.1,fedasync,9
47,1.00284,0.6725,0.1,fedasync,9
48,0.97645,0.6825,0.1,fedasync,9
49,0.98439,0.68,0.1,fedasync,9
50,0.97538,0.675,0.1,fedasync,9
51,0.98222,0.67125,0.1,fedasync,9
52,1.01694,0.65,0.1,fedasync,9
53,0.98833,0.66875,0.1,fedasync,9
54,0.99088,0.66,0.1,fedasync,9
55,1.01997,0.635,0.1,fedasync,9
56,1.07184,0.615,0.1,fedasync,9
57,1.02897,0.6475,0.1,fedasync,9
58,1.02973,0.6775,0.1,fedasync,9
59,0.99959,0.685,0.1,fedasync,9
60,1.03619,0.67125,0.1,fedasync,9
61,0.96412,0.69125,0.1,fedasync,9
62,0.96932,0.7,0.1,fedasync,9
63,0.94574,0.6975,0.1,fedasync,9
64,0.86973,0.70875,0.1,fedasync,9
65,0.90409,0.695,0.1,fedasync,9
66,0.87797,0.69125,0.1,fedasync,9
67,0.9503,0.66875,0.1,fedasync,9
68,0.85179,0.705,0.1,fedasync,9
69,0.85763,0.69875,0.1,fedasync,9
70,0.88452,0.6875,0.1,fedasync,9
71,0.94057,0.6625,0.1,fedasync,9
72,0.89995,0.6775,0.1,fedasync,9
73,0.8623,0.7025,0.1,fedasync,9
74,0.85664,0.70375,0.1,fedasync,9
75,0.87533,0.69625,0.1,fedasync,9
76,0.91063,0.685,0.1,fedasync,9
77,0.87037,0.70375,0.1,fedasync,9
78,0.87592,0.69125,0.1,fedasync,9
79,0.8454,0.71125,0.1,fedasync,9
80,0.84515,0.70375,0.1,fedasync,9
81,0.85912,0.70125,0.1,fedasync,9
82,0.81355,0.7175,0.1,fedasync,9
83,0.80191,0.70625,0.1,fedasync,9
84,0.80897,0.7125,0.1,fedasync,9
85,0.82102,0.72,0.1,fedasync,9
86,0.8837,0.70875,0.1,fedasync,9
87,0.73831,0.73625,0.1,fedasync,9
88,0.72875,0.72875,0.1,fedasync,9
89,0.74542,0.73,0.1,fedasync,9
90,0.75643,0.73,0.1,fedasync,9
91,0.78435,0.72,0.1,fedasync,9
92,0.82559,0.71125,0.1,fedasync,9
93,0.76002,0.73,0.1,fedasync,9
94,0.79787,0.7275,0.1,fedasync,9
95,0.80448,0.72,0.1,fedasync,9
96,0.84281,0.71375,0.1,fedasync,9
97,0.86288,0.72125,0.1,fedasync,9
98,0.89816,0.70875,0.1,fedasync,9
99,0.92893,0.70875,0.1,fedasync,9
100,0.81357,0.715,0.1,fedasync,9
101,0.78155,0.73375,0.1,fedasync,9
102,0.79104,0.7225,0.1,fedasync,9
103,0.74114,0.7275,0.1,fedasync,9
104,0.76024,0.72,0.1,fedasync,9
105,0.73442,0.74625,0.1,fedasync,9
106,0.67853,0.75125,0.1,fedasync,9
107,0.70505,0.745,0.1,fedasync,9
108,0.68026,0.75375,0.1,fedasync,9
109,0.71796,0.74125,0.1,fedasync,9
110,0.70904,0.74625,0.1,fedasync,9
111,0.72181,0.745,0.1,fedasync,9
112,0.72373,0.7575,0.1,fedasync,9
113,0.7483,0.755,0.1,fedasync,9
114,0.66468,0.76875,0.1,fedasync,9
115,0.6315,0.785,0.1,fedasync,9
116,0.6392,0.78125,0.1,fedasync,9
117,0.67784,0.77125,0.1,fedasync,9
118,0.73766,0.7525,0.1,fedasync,9
119,0.69271,0.755,0.1,fedasync,9
120,0.72068,0.755,0.1,fedasync,9
121,0.68489,0.7575,0.1,fedasync,9
122,0.59409,0.79,0.1,fedasync,9
123,0.5926,0.8,0.1,fedasync,9
124,0.60361,0.78625,0.1,fedasync,9
125,0.613,0.7775,0.1,fedasync,9
126,0.64413,0.7625,0.1,fedasync,9
127,0.63094,0.7775,0.1,fedasync,9
128,0.59822,0.78875,0.1,fedasync,9
129,0.61863,0.79625,0.1,fedasync,9
130,0.61827,0.79125,0.1,fedasync,9
131,0.57997,0.8,0.1,fedasync,9
132,0.56856,0.80875,0.1,fedasync,9
133,0.57856,0.8075,0.1,fedasync,9
134,0.6105,0.8025,0.1,fedasync,9
135,0.63011,0.79125,0.1,fedasync,9
136,0.69132,0.78125,0.1,fedasync,9
137,0.61476,0.80125,0.1,fedasync,9
138,0.68464,0.77625,0.1,fedasync,9
139,0.62528,0.80375,0.1,fedasync,9
140,0.63818,0.80375,0.1,fedasync,9
141,0.70511,0.775,0.1,fedasync,9
142,0.63673,0.80375,0.1,fedasync,9
143,0.59488,0.8075,0.1,fedasync,9
144,0.66161,0.7875,0.1,fedasync,9
145,0.6326,0.795,0.1,fedasync,9
146,0.63661,0.79375,0.1,fedasync,9
147,0.57037,0.82,0.1,fedasync,9
148,0.56681,0.815,0.1,fedasync,9
149,0.61747,0.79875,0.1,fedasync,9
150,0.62591,0.795,0.1,fedasync,9
1,2.3748,0.28125,0.5,fedasync,9
2,2.53308,0.16875,0.5,fedasync,9
3,2.27378,0.3125,0.5,fedasync,9
4,2.15896,0.23125,0.5,fedasync,9
5,1.99657,0.36875,0.5,fedasync,9
6,2.12021,0.27375,0.5,fedasync,9
7,2.458,0.37,0.5,fedasync,9
8,1.92609,0.38875,0.5,fedasync,9
9,1.80514,0.4525,0.5,fedasync,9
10,1.66723,0.49625,0.5,fedasync,9
11,1.67556,0.56,0.5,fedasync,9
12,2.08383,0.53875,0.5,fedasync,9
13,1.78786,0.5525,0.5,fedasync,9
14,2.28039,0.475,0.5,fedasync,9
15,1.81599,0.48875,0.5,fedasync,9
16,1.15471,0.61625,0.5,fedasync,9
17,1.4942,0.585,0.5,fedasync,9
18,1.88793,0.57375,0.5,fedasync,9
19,1.45368,0.5625,0.5,fedasync,9
20,2.14556,0.46875,0.5,fedasync,9
21,1.19154,0.6125,0.5,fedasync,9
22,1.15828,0.61375,0.5,fedasync,9
23,1.59511,0.56125,0.5,fedasync,9
24,1.23139,0.615,0.5,fedasync,9
25,1.07767,0.65375,0.5,fedasync,9
26,1.60277,0.55,0.5,fedasync,9
27,1.08046,0.6625,0.5,fedasync,9
28,0.73819,0.77375,0.5,fedasync,9
29,1.08192,0.69375,0.5,fedasync,9
30,1.78186,0.60625,0.5,fedasync,9
31,2.32107,0.56875,0.5,fedasync,9
32,2.63286,0.5475,0.5,fedasync,9
33,2.80181,0.53125,0.5,fedasync,9
34,2.92008,0.525,0.5,fedasync,9
35,1.21935,0.64625,0.5,fedasync,9
36,1.05475,0.6675,0.5,fedasync,9
37,0.98909,0.6775,0.5,fedasync,9
38,0.90417,0.7075,0.5,fedasync,9
39,0.95017,0.69875,0.5,fedasync,9
40,0.78896,0.7475,0.5,fedasync,9
41,1.24818,0.66625,0.5,fedasync,9
42,0.8442,0.7225,0.5,fedasync,9
43,0.91487,0.7175,0.5,fedasync,9
44,1.34309,0.64375,0.5,fedasync,9
45,0.93294,0.7175,0.5,fedasync,9
46,1.46479,0.59,0.5,fedasync,9
47,1.94,0.5,0.5,fedasync,9
48,1.17835,0.65,0.5,fedasync,9
49,0.96851,0.705,0.5,fedasync,9
50,0.82098,0.73875,0.5,fedasync,9
51,1.08561,0.66,0.5,fedasync,9
52,1.39066,0.59,0.5,fedasync,9
53,1.18027,0.6875,0.5,fedasync,9
54,1.73306,0.5675,0.5,fedasync,9
55,2.09481,0.53125,0.5,fedasync,9
56,2.39229,0.48625,0.5,fedasync,9
57,1.40301,0.60625,0.5,fedasync,9
58,2.03536,0.4975,0.5,fedasync,9
59,1.44732,0.61625,0.5,fedasync,9
60,1.91811,0.54,0.5,fedasync,9
61,1.03203,0.71125,0.5,fedasync,9
62,1.07596,0.71625,0.5,fedasync,9
63,1.3293,0.66375,0.5,fedasync,9
64,1.1493,0.70125,0.5,fedasync,9
65,1.48534,0.66375,0.5,fedasync,9
66,1.57187,0.64,0.5,fedasync,9
67,1.74305,0.6475,0.5,fedasync,9
68,1.01774,0.7225,0.5,fedasync,9
69,1.46022,0.61625,0.5,fedasync,9
70,1.00446,0.72625,0.5,fedasync,9
71,1.31658,0.67125,0.5,fedasync,9
72,0.92485,0.73625,0.5,fedasync,9
73,0.9903,0.73,0.5,fedasync,9
74,1.17644,0.68375,0.5,fedasync,9
75,1.49051,0.63875,0.5,fedasync,9
76,1.21369,0.69375,0.5,fedasync,9
77,0.97346,0.7375,0.5,fedasync,9
78,0.90274,0.72,0.5,fedasync,9
79,0.96915,0.72875,0.5,fedasync,9
80,1.41574,0.6575,0.5,fedasync,9
81,1.3345,0.66125,0.5,fedasync,9
82,0.81595,0.76,0.5,fedasync,9
83,1.18866,0.70125,0.5,fedasync,9
84,0.95981,0.74375,0.5,fedasync,9
85,1.13552,0.71625,0.5,fedasync,9
86,1.41848,0.71,0.5,fedasync,9
87,0.90624,0.74875,0.5,fedasync,9
88,0.89716,0.725,0.5,fedasync,9
89,0.89602,0.7325,0.5,fedasync,9
90,1.17115,0.6925,0.5,fedasync,9
91,1.45915,0.645,0.5,fedasync,9
92,1.68226,0.63125,0.5,fedasync,9
93,0.6676,0.79875,0.5,fedasync,9
94,0.93595,0.7325,0.5,fedasync,9
95,0.89798,0.7575,0.5,fedasync,9
96,1.00199,0.74,0.5,fedasync,9
97,1.15872,0.725,0.5,fedasync,9
98,1.11872,0.71625,0.5,fedasync,9
99,1.26832,0.70375,0.5,fedasync,9
100,1.09434,0.74,0.5,fedasync,9
101,1.63297,0.62625,0.5,fedasync,9
102,1.2281,0.71375,0.5,fedasync,9
103,0.99115,0.75375,0.5,fedasync,9
104,0.77581,0.77875,0.5,fedasync,9
105,1.00996,0.7425,0.5,fedasync,9
106,0.73556,0.79375,0.5,fedasync,9
107,0.74901,0.77875,0.5,fedasync,9
108,0.7874,0.78625,0.5,fedasync,9
109,0.98225,0.7325,0.5,fedasync,9
110,1.14616,0.71125,0.5,fedasync,9
111,1.4586,0.67125,0.5,fedasync,9
112,1.23019,0.6975,0.5,fedasync,9
113,1.27161,0.7025,0.5,fedasync,9
114,0.58816,0.82875,0.5,fedasync,9
115,0.81389,0.7775,0.5,fedasync,9
116,1.07429,0.74,0.5,fedasync,9
117,1.12453,0.73875,0.5,fedasync,9
118,1.3641,0.71,0.5,fedasync,9
119,0.75543,0.79875,0.5,fedasync,9
120,0.79389,0.79125,0.5,fedasync,9
121,0.75832,0.78125,0.5,fedasync,9
122,0.81554,0.78,0.5,fedasync,9
123,1.21759,0.69625,0.5,fedasync,9
124,0.81406,0.80125,0.5,fedasync,9
125,0.80304,0.78625,0.5,fedasync,9
126,0.99469,0.76875,0.5,fedasync,9
127,0.98539,0.75875,0.5,fedasync,9
128,0.64917,0.8325,0.5,fedasync,9
129,0.91545,0.7675,0.5,fedasync,9
130,0.81985,0.7725,0.5,fedasync,9
131,0.63797,0.815,0.5,fedasync,9
132,0.66913,0.83,0.5,fedasync,9
133,1.05518,0.765,0.5,fedasync,9
134,0.9302,0.75875,0.5,fedasync,9
135,1.08191,0.7525,0.5,fedasync,9
136,1.29902,0.67625,0.5,fedasync,9
137,0.67226,0.81625,0.5,fedasync,9
138,0.85347,0.785,0.5,fedasync,9
139,0.81449,0.79125,0.5,fedasync,9
140,0.79244,0.8075,0.5,fedasync,9
141,0.94881,0.7575,0.5,fedasync,9
142,0.76835,0.79125,0.5,fedasync,9
143,0.68586,0.825,0.5,fedasync,9
144,0.81504,0.78625,0.5,fedasync,9
145,0.84847,0.7675,0.5,fedasync,9
146,0.8631,0.77375,0.5,fedasync,9
147,0.55763,0.85625,0.5,fedasync,9
148,0.63786,0.81875,0.5,fedasync,9
149,0.72206,0.8125,0.5,fedasync,9
150,0.85602,0.76875,0.5,fedasync,9
1,3.73856,0.28125,0.9,fedasync,9
2,7.28192,0.11,0.9,fedasync,9
3,3.41988,0.325,0.9,fedasync,9
4,3.51687,0.24125,0.9,fedasync,9
5,4.08295,0.31875,0.9,fedasync,9
6,3.57293,0.24,0.9,fedasync,9
7,5.14409,0.31875,0.9,fedasync,9
8,2.8346,0.36875,0.9,fedasync,9
9,2.46589,0.23875,0.9,fedasync,9
10,4.48121,0.35875,0.9,fedasync,9
11,2.44102,0.46375,0.9,fedasync,9
12,3.20776,0.44375,0.9,fedasync,9
13,3.28988,0.4,0.9,fedasync,9
14,3.49743,0.4025,0.9,fedasync,9
15,2.36141,0.3425,0.9,fedasync,9
16,2.05354,0.47,0.9,fedasync,9
17,2.75963,0.4775,0.9,fedasync,9
18,3.23289,0.48375,0.9,fedasync,9
19,2.68904,0.33125,0.9,fedasync,9
20,3.31729,0.285,0.9,fedasync,9
21,2.46058,0.3175,0.9,fedasync,9
22,2.20579,0.4675,0.9,fedasync,9
23,3.07051,0.46125,0.9,fedasync,9
24,3.07403,0.3725,0.9,fedasync,9
25,3.59747,0.31125,0.9,fedasync,9
26,3.83221,0.3225,0.9,fedasync,9
27,2.27547,0.49125,0.9,fedasync,9
28,2.42312,0.43625,0.9,fedasync,9
29,4.15039,0.45875,0.9,fedasync,9
30,4.22711,0.45125,0.9,fedasync,9
31,4.4315,0.45125,0.9,fedasync,9
32,4.33046,0.45125,0.9,fedasync,9
33,4.28673,0.45875,0.9,fedasync,9
34,4.24526,0.45625,0.9,fedasync,9
35,2.94102,0.42625,0.9,fedasync,9
36,3.51202,0.41125,0.9,fedasync,9
37,2.46974,0.3875,0.9,fedasync,9
38,3.01849,0.46625,0.9,fedasync,9
39,2.27956,0.4775,0.9,fedasync,9
40,2.45638,0.54125,0.9,fedasync,9
41,3.50509,0.4925,0.9,fedasync,9
42,1.72437,0.55125,0.9,fedasync,9
43,2.52174,0.53375,0.9,fedasync,9
44,2.88975,0.515,0.9,fedasync,9
45,2.70546,0.44625,0.9,fedasync,9
46,3.31992,0.405,0.9,fedasync,9
47,3.42177,0.40375,0.9,fedasync,9
48,3.11745,0.44625,0.9,fedasync,9
49,2.84267,0.5425,0.9,fedasync,9
50,1.65727,0.54125,0.9,fedasync,9
51,1.90234,0.52625,0.9,fedasync,9
52,1.97858,0.5175,0.9,fedasync,9
53,2.83821,0.46875,0.9,fedasync,9
54,3.20586,0.445,0.9,fedasync,9
55,3.23992,0.44,0.9,fedasync,9
56,3.36036,0.44125,0.9,fedasync,9
57,2.80848,0.44,0.9,fedasync,9
58,3.38277,0.40875,0.9,fedasync,9
59,1.75691,0.52875,0.9,fedasync,9
60,2.71572,0.44625,0.9,fedasync,9
61,2.71458,0.5125,0.9,fedasync,9
62,1.56576,0.575,0.9,fedasync,9
63,2.64563,0.56125,0.9,fedasync,9
64,3.40809,0.54125,0.9,fedasync,9
65,3.14351,0.55375,0.9,fedasync,9
66,2.90266,0.5625,0.9,fedasync,9
67,3.64458,0.565,0.9,fedasync,9
68,2.56074,0.47625,0.9,fedasync,9
69,3.43432,0.43875,0.9,fedasync,9
70,3.18966,0.46375,0.9,fedasync,9
71,3.52384,0.44875,0.9,fedasync,9
72,1.40971,0.61625,0.9,fedasync,9
73,2.67775,0.48375,0.9,fedasync,9
74,1.81906,0.5525,0.9,fedasync,9
75,2.04735,0.54125,0.9,fedasync,9
76,2.53024,0.585,0.9,fedasync,9
77,2.95085,0.58375,0.9,fedasync,9
78,1.48742,0.62125,0.9,fedasync,9
79,2.66938,0.52625,0.9,fedasync,9
80,2.70067,0.52,0.9,fedasync,9
81,1.49645,0.62625,0.9,fedasync,9
82,2.25801,0.62375,0.9,fedasync,9
83,2.6061,0.61375,0.9,fedasync,9
84,2.71936,0.56375,0.9,fedasync,9
85,3.03299,0.60875,0.9,fedasync,9
86,3.12135,0.63125,0.9,fedasync,9
87,2.46279,0.51875,0.9,fedasync,9
88,1.41235,0.63,0.9,fedasync,9
89,2.06118,0.5725,0.9,fedasync,9
90,1.53191,0.62125,0.9,fedasync,9
91,1.62425,0.61125,0.9,fedasync,9
92,1.6559,0.605,0.9,fedasync,9
93,1.88698,0.66,0.9,fedasync,9
94,1.29441,0.685,0.9,fedasync,9
95,2.10245,0.65625,0.9,fedasync,9
96,1.36733,0.67625,0.9,fedasync,9
97,2.34954,0.64,0.9,fedasync,9
98,1.37992,0.67375,0.9,fedasync,9
99,2.20988,0.64875,0.9,fedasync,9
100,2.67398,0.47875,0.9,fedasync,9
101,3.19599,0.455,0.9,fedasync,9
102,2.2543,0.58625,0.9,fedasync,9
103,3.31347,0.54625,0.9,fedasync,9
104,1.39024,0.655,0.9,fedasync,9
105,2.75595,0.46625,0.9,fedasync,9
106,2.28598,0.60375,0.9,fedasync,9
107,1.2183,0.66875,0.9,fedasync,9
108,2.19231,0.60125,0.9,fedasync,9
109,1.23936,0.7075,0.9,fedasync,9
110,2.1933,0.61125,0.9,fedasync,9
111,2.26997,0.61,0.9,fedasync,9
112,2.7654,0.5325,0.9,fedasync,9
113,3.11311,0.54375,0.9,fedasync,9
114,1.92647,0.68375,0.9,fedasync,9
115,2.21503,0.65875,0.9,fedasync,9
116,2.4413,0.645,0.9,fedasync,9
117,2.61394,0.645,0.9,fedasync,9
118,2.64857,0.64875,0.9,fedasync,9
119,1.19808,0.7325,0.9,fedasync,9
120,1.68782,0.70125,0.9,fedasync,9
121,1.17912,0.725,0.9,fedasync,9
122,2.6299,0.51625,0.9,fedasync,9
123,3.03956,0.49,0.9,fedasync,9
124,2.20966,0.62375,0.9,fedasync,9
125,1.36435,0.68875,0.9,fedasync,9
126,2.31692,0.635,0.9,fedasync,9
127,2.46708,0.5325,0.9,fedasync,9
128,1.8425,0.655,0.9,fedasync,9
129,2.8556,0.535,0.9,fedasync,9
130,1.3969,0.64,0.9,fedasync,9
131,1.74103,0.685,0.9,fedasync,9
132,2.77469,0.58125,0.9,fedasync,9
133,2.9021,0.56875,0.9,fedasync,9
134,2.42323,0.62,0.9,fedasync,9
135,2.72131,0.585,0.9,fedasync,9
136,2.94089,0.59,0.9,fedasync,9
137,1.96874,0.695,0.9,fedasync,9
138,2.58938,0.57,0.9,fedasync,9
139,2.05626,0.66,0.9,fedasync,9
140,2.63345,0.61875,0.9,fedasync,9
141,2.7765,0.5625,0.9,fedasync,9
142,1.26429,0.6775,0.9,fedasync,9
143,2.08293,0.67375,0.9,fedasync,9
144,2.22108,0.61125,0.9,fedasync,9
145,1.1914,0.71125,0.9,fedasync,9
146,2.31596,0.61625,0.9,fedasync,9
147,1.75966,0.6825,0.9,fedasync,9
148,1.19598,0.7275,0.9,fedasync,9
149,2.48492,0.60625,0.9,fedasync,9
150,1.33281,0.69125,0.9,fedasync,9
1,5.7169,0.20875,,afl,10
2,2.49634,0.29875,,afl,10
3,2.65199,0.3425,,afl,10
4,2.17595,0.3975,,afl,10
5,2.08027,0.45625,,afl,10
6,1.88643,0.4875,,afl,10
7,1.92096,0.45375,,afl,10
8,1.81275,0.47625,,afl,10
9,1.75342,0.5225,,afl,10
10,1.70544,0.51375,,afl,10
11,1.72452,0.49375,,afl,10
12,1.65497,0.47625,,afl,10
13,1.63261,0.49,,afl,10
14,1.61758,0.50625,,afl,10
15,1.61821,0.50125,,afl,10
16,1.6284,0.5025,,afl,10
17,1.61069,0.50375,,afl,10
18,1.60935,0.49375,,afl,10
19,1.61987,0.48625,,afl,10
20,1.61853,0.50375,,afl,10
21,1.62316,0.50875,,afl,10
22,1.63243,0.50875,,afl,10
23,1.64551,0.50375,,afl,10
24,1.65404,0.495,,afl,10
25,1.67181,0.49,,afl,10
26,1.61488,0.50375,,afl,10
27,1.5666,0.5075,,afl,10
28,1.55868,0.5075,,afl,10
29,1.51829,0.53875,,afl,10
30,1.48844,0.54,,afl,10
31,1.4965,0.54125,,afl,10
32,1.47306,0.54875,,afl,10
33,1.44264,0.55875,,afl,10
34,1.44861,0.5575,,afl,10
35,1.45649,0.5525,,afl,10
36,1.46493,0.54375,,afl,10
37,1.47706,0.5325,,afl,10
38,1.49219,0.51875,,afl,10
39,1.45765,0.54,,afl,10
40,1.42971,0.55375,,afl,10
41,1.4428,0.54375,,afl,10
42,1.44634,0.54625,,afl,10
43,1.46074,0.5375,,afl,10
44,1.47732,0.52375,,afl,10
45,1.47958,0.5225,,afl,10
46,1.44989,0.54375,,afl,10
47,1.44182,0.5475,,afl,10
48,1.42597,0.5475,,afl,10
49,1.41013,0.55,,afl,10
50,1.41337,0.54875,,afl,10
51,1.39065,0.56,,afl,10
52,1.39472,0.56125,,afl,10
53,1.37597,0.57125,,afl,10
54,1.36325,0.57375,,afl,10
55,1.35747,0.57875,,afl,10
56,1.36632,0.57,,afl,10
57,1.35461,0.57,,afl,10
58,1.34247,0.57,,afl,10
59,1.35224,0.56375,,afl,10
60,1.33448,0.5725,,afl,10
61,1.32881,0.57875,,afl,10
62,1.31439,0.58625,,afl,10
63,1.30207,0.58875,,afl,10
64,1.29135,0.59625,,afl,10
65,1.2981,0.59375,,afl,10
66,1.28784,0.59125,,afl,10
67,1.2955,0.5875,,afl,10
68,1.29761,0.58625,,afl,10
69,1.30578,0.58125,,afl,10
70,1.29394,0.58875,,afl,10
71,1.29607,0.5875,,afl,10
72,1.28565,0.585,,afl,10
73,1.28066,0.59125,,afl,10
74,1.27663,0.595,,afl,10
75,1.27878,0.59375,,afl,10
76,1.28123,0.59375,,afl,10
77,1.27758,0.595,,afl,10
78,1.28419,0.59375,,afl,10
79,1.29156,0.5925,,afl,10
80,1.28096,0.595,,afl,10
81,1.27166,0.59875,,afl,10
82,1.26306,0.60125,,afl,10
83,1.25342,0.6,,afl,10
84,1.25952,0.6,,afl,10
85,1.2613,0.5975,,afl,10
86,1.2581,0.60125,,afl,10
87,1.25524,0.6025,,afl,10
88,1.25699,0.6,,afl,10
89,1.25434,0.6025,,afl,10
90,1.25621,0.60125,,afl,10
91,1.25399,0.6075,,afl,10
92,1.24611,0.61125,,afl,10
93,1.24805,0.61,,afl,10
94,1.25015,0.60625,,afl,10
95,1.24288,0.61375,,afl,10
96,1.24515,0.61125,,afl,10
97,1.24914,0.6075,,afl,10
98,1.24136,0.605,,afl,10
99,1.24586,0.60375,,afl,10
100,1.24354,0.61,,afl,10
101,1.23615,0.61375,,afl,10
102,1.2381,0.60875,,afl,10
103,1.24022,0.60875,,afl,10
104,1.23271,0.60875,,afl,10
105,1.23059,0.61125,,afl,10
106,1.23458,0.61125,,afl,10
107,1.23285,0.6125,,afl,10
108,1.23144,0.6125,,afl,10
109,1.22384,0.61,,afl,10
110,1.22259,0.6125,,afl,10
111,1.22664,0.6125,,afl,10
112,1.22823,0.6125,,afl,10
113,1.23251,0.6125,,afl,10
114,1.23714,0.60875,,afl,10
115,1.23857,0.61,,afl,10
116,1.23725,0.6125,,afl,10
117,1.23618,0.61375,,afl,10
118,1.22909,0.61375,,afl,10
119,1.22188,0.615,,afl,10
120,1.22097,0.6175,,afl,10
121,1.2223,0.61625,,afl,10
122,1.22378,0.61625,,afl,10
123,1.22775,0.61375,,afl,10
124,1.22692,0.61625,,afl,10
125,1.21996,0.6175,,afl,10
126,1.21925,0.6175,,afl,10
127,1.21871,0.61625,,afl,10
128,1.21221,0.6175,,afl,10
129,1.21344,0.6175,,afl,10
130,1.21306,0.62125,,afl,10
131,1.21683,0.62,,afl,10
132,1.21796,0.6175,,afl,10
133,1.21919,0.6175,,afl,10
134,1.21257,0.61625,,afl,10
135,1.21213,0.61875,,afl,10
136,1.21338,0.61875,,afl,10
137,1.20698,0.61875,,afl,10
138,1.20102,0.61625,,afl,10
139,1.19486,0.61625,,afl,10
140,1.19845,0.61375,,afl,10
141,1.1997,0.61375,,afl,10
142,1.19365,0.615,,afl,10
143,1.19718,0.615,,afl,10
144,1.19655,0.615,,afl,10
145,1.19773,0.615,,afl,10
146,1.20133,0.61375,,afl,10
147,1.20077,0.6125,,afl,10
148,1.19525,0.61125,,afl,10
149,1.19004,0.6125,,afl,10
150,1.18487,0.61375,,afl,10
1,2.36526,0.1275,0.1,fedasync,10
2,2.29399,0.17,0.1,fedasync,10
3,2.26051,0.25375,0.1,fedasync,10
4,2.16763,0.26,0.1,fedasync,10
5,2.11206,0.30625,0.1,fedasync,10
6,2.06514,0.33375,0.1,fedasync,10
7,2.02406,0.315,0.1,fedasync,10
8,1.99705,0.3325,0.1,fedasync,10
9,1.98994,0.3475,0.1,fedasync,10
10,1.9716,0.3325,0.1,fedasync,10
11,1.96846,0.32375,0.1,fedasync,10
12,1.85109,0.33125,0.1,fedasync,10
13,1.77174,0.405,0.1,fedasync,10
14,1.72537,0.46875,0.1,fedasync,10
15,1.67137,0.4875,0.1,fedasync,10
16,1.6551,0.49,0.1,fedasync,10
17,1.62261,0.49,0.1,fedasync,10
18,1.64397,0.48,0.1,fedasync,10
19,1.72385,0.4425,0.1,fedasync,10
20,1.70236,0.46125,0.1,fedasync,10
21,1.71068,0.4475,0.1,fedasync,10
22,1.75094,0.42875,0.1,fedasync,10
23,1.82043,0.39375,0.1,fedasync,10
24,1.88147,0.41,0.1,fedasync,10
25,2.00002,0.39,0.1,fedasync,10
26,1.67387,0.42875,0.1,fedasync,10
27,1.55256,0.44,0.1,fedasync,10
28,1.46284,0.4925,0.1,fedasync,10
29,1.40027,0.5375,0.1,fedasync,10
30,1.33775,0.55625,0.1,fedasync,10
31,1.34574,0.5375,0.1,fedasync,10
32,1.30786,0.55,0.1,fedasync,10
33,1.28583,0.61375,0.1,fedasync,10
34,1.28512,0.56875,0.1,fedasync,10
35,1.29698,0.54625,0.1,fedasync,10
36,1.33119,0.5075,0.1,fedasync,10
37,1.41072,0.46625,0.1,fedasync,10
38,1.53091,0.43375,0.1,fedasync,10
39,1.34671,0.49875,0.1,fedasync,10
40,1.30332,0.55125,0.1,fedasync,10
41,1.37034,0.4925,0.1,fedasync,10
42,1.35583,0.5025,0.1,fedasync,10
43,1.45669,0.4525,0.1,fedasync,10
44,1.59448,0.4175,0.1,fedasync,10
45,1.56137,0.435,0.1,fedasync,10
46,1.41757,0.485,0.1,fedasync,10
47,1.27703,0.5625,0.1,fedasync,10
48,1.19331,0.57625,0.1,fedasync,10
49,1.15321,0.595,0.1,fedasync,10
50,1.16944,0.58125,0.1,fedasync,10
51,1.13165,0.6375,0.1,fedasync,10
52,1.16959,0.61375,0.1,fedasync,10
53,1.17405,0.5875,0.1,fedasync,10
54,1.10409,0.65375,0.1,fedasync,10
55,1.03073,0.67875,0.1,fedasync,10
56,1.04194,0.67375,0.1,fedasync,10
57,1.01131,0.67375,0.1,fedasync,10
58,1.0138,0.695,0.1,fedasync,10
59,1.07618,0.655,0.1,fedasync,10
60,0.99284,0.705,0.1,fedasync,10
61,0.93747,0.71875,0.1,fedasync,10
62,0.9308,0.71125,0.1,fedasync,10
63,0.96553,0.68375,0.1,fedasync,10
64,1.02782,0.66,0.1,fedasync,10
65,0.96984,0.67875,0.1,fedasync,10
66,0.89759,0.735,0.1,fedasync,10
67,0.95021,0.70625,0.1,fedasync,10
68,0.9305,0.70625,0.1,fedasync,10
69,1.02437,0.65125,0.1,fedasync,10
70,0.95858,0.68875,0.1,fedasync,10
71,0.95034,0.69375,0.1,fedasync,10
72,0.92554,0.695,0.1,fedasync,10
73,0.84693,0.74,0.1,fedasync,10
74,0.82861,0.735,0.1,fedasync,10
75,0.83328,0.73625,0.1,fedasync,10
76,0.86094,0.72125,0.1,fedasync,10
77,0.85347,0.7125,0.1,fedasync,10
78,0.91202,0.695,0.1,fedasync,10
79,1.01706,0.64,0.1,fedasync,10
80,0.90305,0.6975,0.1,fedasync,10
81,0.87637,0.695,0.1,fedasync,10
82,0.90484,0.67625,0.1,fedasync,10
83,0.79488,0.7475,0.1,fedasync,10
84,0.84233,0.72375,0.1,fedasync,10
85,0.83604,0.73125,0.1,fedasync,10
86,0.8183,0.725,0.1,fedasync,10
87,0.8341,0.71,0.1,fedasync,10
88,0.83136,0.7125,0.1,fedasync,10
89,0.86039,0.7,0.1,fedasync,10
90,0.86742,0.7,0.1,fedasync,10
91,0.90443,0.68625,0.1,fedasync,10
92,0.87872,0.6875,0.1,fedasync,10
93,0.88733,0.69,0.1,fedasync,10
94,0.91315,0.685,0.1,fedasync,10
95,0.91065,0.67,0.1,fedasync,10
96,0.93873,0.66,0.1,fedasync,10
97,0.9092,0.69125,0.1,fedasync,10
98,0.79005,0.74125,0.1,fedasync,10
99,0.84263,0.71875,0.1,fedasync,10
100,0.83889,0.72125,0.1,fedasync,10
101,0.80019,0.71875,0.1,fedasync,10
102,0.82051,0.7175,0.1,fedasync,10
103,0.85467,0.7075,0.1,fedasync,10
104,0.7794,0.74,0.1,fedasync,10
105,0.76115,0.74,0.1,fedasync,10
106,0.81272,0.7275,0.1,fedasync,10
107,0.82117,0.72125,0.1,fedasync,10
108,0.85567,0.7,0.1,fedasync,10
109,0.74951,0.7475,0.1,fedasync,10
110,0.77777,0.73,0.1,fedasync,10
111,0.85948,0.705,0.1,fedasync,10
112,0.84819,0.70875,0.1,fedasync,10
113,0.95334,0.67625,0.1,fedasync,10
114,1.0876,0.63875,0.1,fedasync,10
115,1.04747,0.65,0.1,fedasync,10
116,1.02765,0.66,0.1,fedasync,10
117,1.03999,0.64375,0.1,fedasync,10
118,0.88229,0.69125,0.1,fedasync,10
119,0.75641,0.74,0.1,fedasync,10
120,0.78407,0.73,0.1,fedasync,10
121,0.7841,0.73625,0.1,fedasync,10
122,0.80017,0.72375,0.1,fedasync,10
123,0.86691,0.71,0.1,fedasync,10
124,0.8845,0.68875,0.1,fedasync,10
125,0.7777,0.73875,0.1,fedasync,10
126,0.79451,0.725,0.1,fedasync,10
127,0.8339,0.7075,0.1,fedasync,10
128,0.73611,0.74625,0.1,fedasync,10
129,0.7409,0.75375,0.1,fedasync,10
130,0.79285,0.7175,0.1,fedasync,10
131,0.82998,0.70875,0.1,fedasync,10
132,0.82742,0.71,0.1,fedasync,10
133,0.84007,0.705,0.1,fedasync,10
134,0.74328,0.75125,0.1,fedasync,10
135,0.75815,0.745,0.1,fedasync,10
136,0.78138,0.73625,0.1,fedasync,10
137,0.72586,0.765,0.1,fedasync,10
138,0.71239,0.775,0.1,fedasync,10
139,0.72836,0.77,0.1,fedasync,10
140,0.77658,0.76375,0.1,fedasync,10
141,0.79366,0.75,0.1,fedasync,10
142,0.68869,0.78875,0.1,fedasync,10
143,0.74718,0.7625,0.1,fedasync,10
144,0.70724,0.76875,0.1,fedasync,10
145,0.72578,0.76,0.1,fedasync,10
146,0.80385,0.73125,0.1,fedasync,10
147,0.78003,0.73125,0.1,fedasync,10
148,0.73672,0.75875,0.1,fedasync,10
149,0.72839,0.76375,0.1,fedasync,10
150,0.74894,0.75625,0.1,fedasync,10
1,2.76305,0.20875,0.5,fedasync,10
2,2.36262,0.30125,0.5,fedasync,10
3,2.82826,0.26375,0.5,fedasync,10
4,2.21087,0.33625,0.5,fedasync,10
5,2.38348,0.315,0.5,fedasync,10
6,1.86505,0.4125,0.5,fedasync,10
7,1.91426,0.41625,0.5,fedasync,10
8,2.63049,0.3275,0.5,fedasync,10
9,1.6056,0.52625,0.5,fedasync,10
10,2.23326,0.35625,0.5,fedasync,10
11,1.86084,0.42125,0.5,fedasync,10
12,1.6531,0.46625,0.5,fedasync,10
13,1.27351,0.58875,0.5,fedasync,10
14,1.8485,0.5175,0.5,fedasync,10
15,2.42587,0.45625,0.5,fedasync,10
16,2.93185,0.42125,0.5,fedasync,10
17,2.40148,0.46375,0.5,fedasync,10
18,3.2567,0.3925,0.5,fedasync,10
19,3.92752,0.35625,0.5,fedasync,10
20,1.99531,0.49125,0.5,fedasync,10
21,2.36786,0.43,0.5,fedasync,10
22,2.71357,0.39625,0.5,fedasync,10
23,2.95499,0.37625,0.5,fedasync,10
24,3.14439,0.38625,0.5,fedasync,10
25,3.94124,0.3525,0.5,fedasync,10
26,1.4987,0.55625,0.5,fedasync,10
27,1.06988,0.66875,0.5,fedasync,10
28,1.06537,0.6425,0.5,fedasync,10
29,1.16733,0.65625,0.5,fedasync,10
30,0.96452,0.67875,0.5,fedasync,10
31,1.09031,0.64375,0.5,fedasync,10
32,1.22286,0.62,0.5,fedasync,10
33,1.16693,0.65625,0.5,fedasync,10
34,1.15303,0.63875,0.5,fedasync,10
35,1.08433,0.665,0.5,fedasync,10
36,1.73495,0.53125,0.5,fedasync,10
37,2.49606,0.45625,0.5,fedasync,10
38,3.00098,0.41625,0.5,fedasync,10
39,1.22936,0.6425,0.5,fedasync,10
40,1.99865,0.57875,0.5,fedasync,10
41,1.30949,0.6325,0.5,fedasync,10
42,1.12595,0.67625,0.5,fedasync,10
43,1.70239,0.5475,0.5,fedasync,10
44,2.37187,0.4675,0.5,fedasync,10
45,1.73341,0.5625,0.5,fedasync,10
46,1.20628,0.66125,0.5,fedasync,10
47,0.9775,0.69125,0.5,fedasync,10
48,0.69341,0.76875,0.5,fedasync,10
49,1.13024,0.6525,0.5,fedasync,10
50,1.0071,0.67,0.5,fedasync,10
51,0.83556,0.735,0.5,fedasync,10
52,0.95682,0.70875,0.5,fedasync,10
53,1.25635,0.67125,0.5,fedasync,10
54,0.95639,0.69,0.5,fedasync,10
55,0.82168,0.74125,0.5,fedasync,10
56,1.06382,0.675,0.5,fedasync,10
57,0.80103,0.76,0.5,fedasync,10
58,1.19643,0.68375,0.5,fedasync,10
59,1.30902,0.6625,0.5,fedasync,10
60,0.7547,0.76375,0.5,fedasync,10
61,0.82069,0.7325,0.5,fedasync,10
62,0.94135,0.73625,0.5,fedasync,10
63,1.48111,0.6825,0.5,fedasync,10
64,1.9284,0.635,0.5,fedasync,10
65,1.02186,0.74125,0.5,fedasync,10
66,0.81412,0.755,0.5,fedasync,10
67,1.21598,0.66375,0.5,fedasync,10
68,0.96789,0.73625,0.5,fedasync,10
69,1.45036,0.64875,0.5,fedasync,10
70,0.87049,0.7425,0.5,fedasync,10
71,0.89686,0.7475,0.5,fedasync,10
72,0.85561,0.7575,0.5,fedasync,10
73,0.62738,0.8025,0.5,fedasync,10
74,1.18643,0.705,0.5,fedasync,10
75,0.91423,0.745,0.5,fedasync,10
76,1.04509,0.7225,0.5,fedasync,10
77,1.25528,0.685,0.5,fedasync,10
78,1.09895,0.70875,0.5,fedasync,10
79,1.58513,0.64375,0.5,fedasync,10
80,0.83888,0.75625,0.5,fedasync,10
81,1.27642,0.69625,0.5,fedasync,10
82,1.6283,0.6475,0.5,fedasync,10
83,0.83259,0.7625,0.5,fedasync,10
84,0.94663,0.7375,0.5,fedasync,10
85,0.82557,0.77,0.5,fedasync,10
86,0.67934,0.7975,0.5,fedasync,10
87,1.13038,0.715,0.5,fedasync,10
88,0.96225,0.74125,0.5,fedasync,10
89,1.31311,0.69875,0.5,fedasync,10
90,1.18258,0.705,0.5,fedasync,10
91,1.46961,0.675,0.5,fedasync,10
92,0.92968,0.74875,0.5,fedasync,10
93,0.84213,0.75875,0.5,fedasync,10
94,0.93538,0.73875,0.5,fedasync,10
95,1.15427,0.725,0.5,fedasync,10
96,1.00191,0.73125,0.5,fedasync,10
97,0.89836,0.77125,0.5,fedasync,10
98,0.67693,0.8225,0.5,fedasync,10
99,0.96781,0.7425,0.5,fedasync,10
100,0.70508,0.79875,0.5,fedasync,10
101,0.69767,0.80375,0.5,fedasync,10
102,0.67449,0.82,0.5,fedasync,10
103,0.77564,0.7775,0.5,fedasync,10
104,0.65328,0.81875,0.5,fedasync,10
105,0.61171,0.82625,0.5,fedasync,10
106,0.76088,0.77875,0.5,fedasync,10
107,0.90701,0.76125,0.5,fedasync,10
108,1.29348,0.7025,0.5,fedasync,10
109,0.73371,0.815,0.5,fedasync,10
110,0.67276,0.81625,0.5,fedasync,10
111,0.83031,0.76125,0.5,fedasync,10
112,0.73576,0.80125,0.5,fedasync,10
113,1.10931,0.7275,0.5,fedasync,10
114,1.47223,0.68125,0.5,fedasync,10
115,1.06287,0.73625,0.5,fedasync,10
116,0.91343,0.7625,0.5,fedasync,10
117,1.21819,0.71625,0.5,fedasync,10
118,0.77791,0.78875,0.5,fedasync,10
119,0.75441,0.80875,0.5,fedasync,10
120,0.58709,0.83875,0.5,fedasync,10
121,0.63345,0.82375,0.5,fedasync,10
122,0.74841,0.80375,0.5,fedasync,10
123,0.76618,0.8025,0.5,fedasync,10
124,0.81704,0.785,0.5,fedasync,10
125,0.64918,0.83375,0.5,fedasync,10
126,0.68941,0.82375,0.5,fedasync,10
127,1.0444,0.7475,0.5,fedasync,10
128,0.80398,0.8075,0.5,fedasync,10
129,0.72691,0.8,0.5,fedasync,10
130,0.85262,0.78375,0.5,fedasync,10
131,0.81937,0.8,0.5,fedasync,10
132,0.73347,0.8225,0.5,fedasync,10
133,0.80617,0.805,0.5,fedasync,10
134,0.67514,0.83375,0.5,fedasync,10
135,0.61523,0.84375,0.5,fedasync,10
136,0.67744,0.82625,0.5,fedasync,10
137,0.72379,0.82875,0.5,fedasync,10
138,1.07404,0.76,0.5,fedasync,10
139,1.34846,0.7175,0.5,fedasync,10
140,1.05371,0.75125,0.5,fedasync,10
141,0.9483,0.785,0.5,fedasync,10
142,0.7745,0.805,0.5,fedasync,10
143,0.93295,0.7925,0.5,fedasync,10
144,0.71834,0.825,0.5,fedasync,10
145,0.70266,0.8325,0.5,fedasync,10
146,0.96388,0.7875,0.5,fedasync,10
147,0.9376,0.78125,0.5,fedasync,10
148,0.63319,0.84875,0.5,fedasync,10
149,1.00088,0.78125,0.5,fedasync,10
150,1.27785,0.7375,0.5,fedasync,10
1,4.94507,0.20875,0.9,fedasync,10
2,3.84835,0.19125,0.9,fedasync,10
3,4.0403,0.2125,0.9,fedasync,10
4,3.29446,0.30125,0.9,fedasync,10
5,3.79391,0.3025,0.9,fedasync,10
6,3.80711,0.315,0.9,fedasync,10
7,3.85463,0.3,0.9,fedasync,10
8,5.98488,0.30875,0.9,fedasync,10
9,2.61245,0.36,0.9,fedasync,10
10,3.83861,0.3225,0.9,fedasync,10
11,3.20774,0.33625,0.9,fedasync,10
12,2.89399,0.41625,0.9,fedasync,10
13,2.27891,0.4,0.9,fedasync,10
14,2.9082,0.4,0.9,fedasync,10
15,3.32088,0.39875,0.9,fedasync,10
16,3.60571,0.39625,0.9,fedasync,10
17,2.93524,0.4175,0.9,fedasync,10
18,3.42546,0.36625,0.9,fedasync,10
19,3.82938,0.35,0.9,fedasync,10
20,2.4588,0.4075,0.9,fedasync,10
21,2.92304,0.3675,0.9,fedasync,10
22,3.08772,0.36125,0.9,fedasync,10
23,3.22721,0.35125,0.9,fedasync,10
24,3.58874,0.395,0.9,fedasync,10
25,3.99014,0.37625,0.9,fedasync,10
26,2.87392,0.4125,0.9,fedasync,10
27,2.04713,0.49,0.9,fedasync,10
28,2.58311,0.525,0.9,fedasync,10
29,2.39003,0.555,0.9,fedasync,10
30,1.96148,0.51625,0.9,fedasync,10
31,2.45473,0.51,0.9,fedasync,10
32,1.91261,0.55875,0.9,fedasync,10
33,2.26918,0.5575,0.9,fedasync,10
34,2.71042,0.46125,0.9,fedasync,10
35,2.0945,0.5175,0.9,fedasync,10
36,3.30018,0.445,0.9,fedasync,10
37,3.72842,0.4225,0.9,fedasync,10
38,3.92684,0.4125,0.9,fedasync,10
39,2.07732,0.5375,0.9,fedasync,10
40,2.5443,0.5125,0.9,fedasync,10
41,3.01036,0.44375,0.9,fedasync,10
42,1.87834,0.50875,0.9,fedasync,10
43,3.19068,0.46,0.9,fedasync,10
44,3.46432,0.4525,0.9,fedasync,10
45,2.34729,0.48125,0.9,fedasync,10
46,2.04347,0.545,0.9,fedasync,10
47,2.65969,0.55875,0.9,fedasync,10
48,2.25101,0.56,0.9,fedasync,10
49,2.58064,0.54,0.9,fedasync,10
50,2.03236,0.56375,0.9,fedasync,10
51,1.76405,0.57125,0.9,fedasync,10
52,1.84477,0.58625,0.9,fedasync,10
53,2.42876,0.5325,0.9,fedasync,10
54,2.22202,0.57625,0.9,fedasync,10
55,2.0094,0.6125,0.9,fedasync,10
56,3.03127,0.455,0.9,fedasync,10
57,1.81868,0.6275,0.9,fedasync,10
58,2.29337,0.60375,0.9,fedasync,10
59,3.34416,0.49125,0.9,fedasync,10
60,1.49332,0.5325,0.9,fedasync,10
61,2.66181,0.5,0.9,fedasync,10
62,2.2601,0.54875,0.9,fedasync,10
63,2.67099,0.54625,0.9,fedasync,10
64,3.02198,0.54125,0.9,fedasync,10
65,3.23253,0.48875,0.9,fedasync,10
66,1.95428,0.60875,0.9,fedasync,10
67,2.85344,0.51625,0.9,fedasync,10
68,2.46526,0.5375,0.9,fedasync,10
69,2.807,0.52625,0.9,fedasync,10
70,1.78879,0.54375,0.9,fedasync,10
71,2.28902,0.4875,0.9,fedasync,10
72,1.80183,0.6275,0.9,fedasync,10
73,2.8908,0.585,0.9,fedasync,10
74,3.40921,0.555,0.9,fedasync,10
75,2.00181,0.64875,0.9,fedasync,10
76,2.09547,0.63125,0.9,fedasync,10
77,2.94844,0.605,0.9,fedasync,10
78,2.66596,0.56375,0.9,fedasync,10
79,2.98426,0.53125,0.9,fedasync,10
80,1.6339,0.615,0.9,fedasync,10
81,2.05726,0.59875,0.9,fedasync,10
82,2.3086,0.59375,0.9,fedasync,10
83,1.59821,0.6725,0.9,fedasync,10
84,2.58245,0.55875,0.9,fedasync,10
85,1.74269,0.645,0.9,fedasync,10
86,3.15263,0.55375,0.9,fedasync,10
87,3.57368,0.53875,0.9,fedasync,10
88,2.60101,0.5625,0.9,fedasync,10
89,3.25577,0.55875,0.9,fedasync,10
90,2.38737,0.58625,0.9,fedasync,10
91,3.44914,0.55125,0.9,fedasync,10
92,1.41731,0.64625,0.9,fedasync,10
93,1.41345,0.68375,0.9,fedasync,10
94,1.46919,0.6875,0.9,fedasync,10
95,1.9029,0.60875,0.9,fedasync,10
96,1.23678,0.7125,0.9,fedasync,10
97,2.30807,0.58,0.9,fedasync,10
98,1.77304,0.6525,0.9,fedasync,10
99,2.71215,0.57125,0.9,fedasync,10
100,1.72059,0.6625,0.9,fedasync,10
101,1.77035,0.61,0.9,fedasync,10
102,1.10827,0.7275,0.9,fedasync,10
103,1.17797,0.71875,0.9,fedasync,10
104,1.5663,0.6575,0.9,fedasync,10
105,1.81993,0.65875,0.9,fedasync,10
106,2.49921,0.60625,0.9,fedasync,10
107,2.04347,0.6375,0.9,fedasync,10
108,2.48064,0.6075,0.9,fedasync,10
109,1.75357,0.63625,0.9,fedasync,10
110,1.83017,0.65375,0.9,fedasync,10
111,2.64888,0.6175,0.9,fedasync,10
112,1.60839,0.68375,0.9,fedasync,10
113,2.23929,0.65875,0.9,fedasync,10
114,2.44593,0.6325,0.9,fedasync,10
115,1.5958,0.69375,0.9,fedasync,10
116,2.18751,0.625,0.9,fedasync,10
117,2.50395,0.61125,0.9,fedasync,10
118,1.89399,0.64875,0.9,fedasync,10
119,1.40551,0.68125,0.9,fedasync,10
120,1.84197,0.6575,0.9,fedasync,10
121,1.51395,0.69875,0.9,fedasync,10
122,1.51468,0.7,0.9,fedasync,10
123,2.36113,0.6475,0.9,fedasync,10
124,2.46097,0.62125,0.9,fedasync,10
125,1.64182,0.67625,0.9,fedasync,10
126,1.72087,0.66125,0.9,fedasync,10
127,2.05415,0.6425,0.9,fedasync,10
128,1.38205,0.70875,0.9,fedasync,10
129,0.88708,0.80125,0.9,fedasync,10
130,1.59611,0.6925,0.9,fedasync,10
131,2.51967,0.62875,0.9,fedasync,10
132,1.38172,0.72875,0.9,fedasync,10
133,1.40174,0.7275,0.9,fedasync,10
134,1.42668,0.69875,0.9,fedasync,10
135,1.69727,0.68375,0.9,fedasync,10
136,1.55637,0.6925,0.9,fedasync,10
137,1.32164,0.71,0.9,fedasync,10
138,1.59248,0.67125,0.9,fedasync,10
139,1.69896,0.6625,0.9,fedasync,10
140,2.08909,0.66625,0.9,fedasync,10
141,1.45073,0.73125,0.9,fedasync,10
142,1.33612,0.72125,0.9,fedasync,10
143,2.08009,0.6825,0.9,fedasync,10
144,1.49238,0.7025,0.9,fedasync,10
145,1.26916,0.725,0.9,fedasync,10
146,2.07241,0.69125,0.9,fedasync,10
147,1.87007,0.675,0.9,fedasync,10
148,1.54226,0.70375,0.9,fedasync,10
149,1.78399,0.66625,0.9,fedasync,10
150,1.88958,0.64875,0.9,fedasync,10